fips_code,county_name,state_abbr,inat_place_id
01001,Autauga,AL,1475
01003,Baldwin,AL,481
01005,Barbour,AL,2127
01007,Bibb,AL,2285
01009,Blount,AL,2066
01011,Bullock,AL,1383
01013,Butler,AL,993
01015,Calhoun,AL,1481
01017,Chambers,AL,2750
01019,Cherokee,AL,200
01021,Chilton,AL,772
01023,Choctaw,AL,2084
01025,Clarke,AL,633
01027,Clay,AL,1306
01029,Cleburne,AL,246
01031,Coffee,AL,2751
01033,Colbert,AL,635
01035,Conecuh,AL,2806
01037,Coosa,AL,1788
01039,Covington,AL,2809
01041,Crenshaw,AL,1384
01043,Cullman,AL,1385
01045,Dale,AL,2131
01047,Dallas,AL,1478
01049,De Kalb,AL,991
01051,Elmore,AL,2315
01053,Escambia,AL,1308
01055,Etowah,AL,2597
01057,Fayette,AL,2090
01059,Franklin,AL,1013
01061,Geneva,AL,2781
01063,Greene,AL,2082
01065,Hale,AL,2795
01067,Henry,AL,1334
01069,Houston,AL,1335
01071,Jackson,AL,2134
01073,Jefferson,AL,343
01075,Lamar,AL,2793
01077,Lauderdale,AL,2014
01079,Lawrence,AL,1978
01081,Lee,AL,2276
01083,Limestone,AL,2863
01085,Lowndes,AL,2067
01087,Macon,AL,1307
01089,Madison,AL,2017
01091,Marengo,AL,2796
01093,Marion,AL,2121
01095,Marshall,AL,1386
01097,Mobile,AL,547
01099,Monroe,AL,632
01101,Montgomery,AL,2720
01103,Morgan,AL,339
01105,Perry,AL,2314
01107,Pickens,AL,1309
01109,Pike,AL,2862
01111,Randolph,AL,1786
01113,Russell,AL,638
01115,St Clair,AL,108241
01117,Shelby,AL,1249
01119,Sumter,AL,1310
01121,Talladega,AL,1819
01123,Tallapoosa,AL,2773
01125,Tuscaloosa,AL,2600
01127,Walker,AL,1981
01129,Washington,AL,432
01131,Wilcox,AL,2794
01133,Winston,AL,1312
02013,Aleutians East,AK,1479
02016,Aleutians West,AK,199
02020,Anchorage,AK,1794
02050,Bethel,AK,990
02060,Bristol Bay,AK,846
02068,Denali,AK,2774
02070,Dillingham,AK,1867
02090,Fairbanks North Star,AK,960
02100,Haines,AK,1790
02110,Juneau,AK,13423
02122,Kenai Peninsula,AK,341
02130,Ketchikan Gateway,AK,1915
02150,Kodiak Island,AK,345
02164,Lake and Peninsula,AK,862
02170,Matanuska-Susitna,AK,2755
02180,Nome,AK,545
02185,North Slope,AK,2759
02188,Northwest Arctic,AK,522
02220,Sitka,AK,13401
02240,Southeast Fairbanks,AK,521
02261,Valdez-Cordova,AK,350
02270,Wade Hampton,AK,2766
02280,Wrangell-Petersburg,AK,503
02282,Yakutat,AK,13424
02290,Yukon-Koyukuk,AK,983
04001,Apache,AZ,956
04003,Cochise,AZ,1253
04005,Coconino,AZ,2765
04007,Gila,AZ,979
04009,Graham,AZ,1291
04011,Greenlee,AZ,1865
04012,La Paz,AZ,1821
04013,Maricopa,AZ,1861
04015,Mohave,AZ,1923
04017,Navajo,AZ,1890
04019,Pima,AZ,2346
04021,Pinal,AZ,2354
04023,Santa Cruz,AZ,2318
04025,Yavapai,AZ,1823
04027,Yuma,AZ,2343
05001,Arkansas,AR,1789
05003,Ashley,AR,1387
05005,Baxter,AR,2596
05007,Benton,AR,2601
05009,Boone,AR,1316
05011,Bradley,AR,1973
05013,Calhoun,AR,1787
05015,Carroll,AR,2595
05017,Chicot,AR,2129
05019,Clark,AR,435
05021,Clay,AR,2594
05023,Cleburne,AR,2060
05025,Cleveland,AR,773
05027,Columbia,AR,1792
05029,Conway,AR,1388
05031,Craighead,AR,2598
05033,Crawford,AR,2802
05035,Crittenden,AR,434
05037,Cross,AR,2063
05039,Dallas,AR,1534
05041,Desha,AR,1774
05043,Drew,AR,1313
05045,Faulkner,AR,2061
05047,Franklin,AR,636
05049,Fulton,AR,1793
05051,Garland,AR,2599
05053,Grant,AR,2602
05055,Greene,AR,1791
05057,Hempstead,AR,1015
05059,Hot Spring,AR,291
05061,Howard,AR,2122
05063,Independence,AR,2062
05065,Izard,AR,2603
05067,Jackson,AR,286
05069,Jefferson,AR,1480
05071,Johnson,AR,1389
05073,Lafayette,AR,634
05075,Lawrence,AR,1390
05077,Lee,AR,2277
05079,Lincoln,AR,344
05081,Little River,AR,1474
05083,Logan,AR,2136
05085,Lonoke,AR,1477
05087,Madison,AR,204
05089,Marion,AR,637
05091,Miller,AR,346
05093,Mississippi,AR,932
05095,Monroe,AR,2316
05097,Montgomery,AR,2133
05099,Nevada,AR,2728
05101,Newton,AR,1391
05103,Ouachita,AR,2317
05105,Perry,AR,2884
05107,Phillips,AR,1473
05109,Pike,AR,2093
05111,Poinsett,AR,2065
05113,Polk,AR,2130
05115,Pope,AR,2132
05117,Prairie,AR,347
05119,Pulaski,AR,694
05121,Randolph,AR,774
05123,St Francis,AR,107070
05125,Saline,AR,247
05127,Scott,AR,1393
05129,Searcy,AR,2885
05131,Sebastian,AR,2016
05133,Sevier,AR,631
05135,Sharp,AR,2886
05137,Stone,AR,198
05139,Union,AR,2887
05141,Van Buren,AR,248
05143,Washington,AR,2162
05145,White,AR,203
05147,Woodruff,AR,1242
05149,Yell,AR,1602
06001,Alameda,CA,845
06003,Alpine,CA,2278
06005,Amador,CA,775
06007,Butte,CA,1482
06009,Calaveras,CA,1538
06011,Colusa,CA,1476
06013,Contra Costa,CA,1527
06015,Del Norte,CA,1525
06017,El Dorado,CA,1795
06019,Fresno,CA,1924
06021,Glenn,CA,2279
06023,Humboldt,CA,1247
06025,Imperial,CA,1528
06027,Inyo,CA,1883
06029,Kern,CA,2758
06031,Kings,CA,1289
06033,Lake,CA,1917
06035,Lassen,CA,1752
06037,Los Angeles,CA,962
06039,Madera,CA,1286
06041,Marin,CA,2319
06043,Mariposa,CA,2280
06045,Mendocino,CA,436
06047,Merced,CA,1920
06049,Modoc,CA,2281
06051,Mono,CA,1916
06053,Monterey,CA,1921
06055,Napa,CA,348
06057,Nevada,CA,281
06059,Orange,CA,2738
06061,Placer,CA,2283
06063,Plumas,CA,1732
06065,Riverside,CA,917
06067,Sacramento,CA,2339
06069,San Benito,CA,1285
06071,San Bernardino,CA,520
06073,San Diego,CA,829
06075,San Francisco,CA,854
06077,San Joaquin,CA,1922
06079,San Luis Obispo,CA,1251
06081,San Mateo,CA,1919
06083,Santa Barbara,CA,1531
06085,Santa Clara,CA,1250
06087,Santa Cruz,CA,418
06089,Shasta,CA,1925
06091,Sierra,CA,1526
06093,Siskiyou,CA,2757
06095,Solano,CA,1926
06097,Sonoma,CA,2764
06099,Stanislaus,CA,340
06101,Sutter,CA,1558
06103,Tehama,CA,1530
06105,Trinity,CA,416
06107,Tulare,CA,1927
06109,Tuolumne,CA,1559
06111,Ventura,CA,1930
06113,Yolo,CA,2282
06115,Yuba,CA,3038
08001,Adams,CO,2888
08003,Alamosa,CO,2128
08005,Arapahoe,CO,2889
08007,Archuleta,CO,2284
08009,Baca,CO,2286
08011,Bent,CO,2800
08013,Boulder,CO,1733
08015,Chaffee,CO,2891
08017,Cheyenne,CO,2085
08019,Clear Creek,CO,1392
08021,Conejos,CO,1529
08023,Costilla,CO,2287
08025,Crowley,CO,2089
08027,Custer,CO,2892
08029,Delta,CO,3039
08031,Denver,CO,205
08033,Dolores,CO,1863
08035,Douglas,CO,1734
08037,Eagle,CO,2893
08039,Elbert,CO,197
08041,El Paso,CO,2894
08043,Fremont,CO,2135
08045,Garfield,CO,1560
08047,Gilpin,CO,2578
08049,Grand,CO,1735
08051,Gunnison,CO,1532
08053,Hinsdale,CO,995
08055,Huerfano,CO,2507
08057,Jackson,CO,1736
08059,Jefferson,CO,250
08061,Kiowa,CO,2799
08063,Kit Carson,CO,1737
08065,Lake,CO,1311
08067,La Plata,CO,1535
08069,Larimer,CO,1808
08071,Las Animas,CO,1537
08073,Lincoln,CO,249
08075,Logan,CO,161
08077,Mesa,CO,1868
08079,Mineral,CO,2083
08081,Moffat,CO,162
08083,Montezuma,CO,1288
08085,Montrose,CO,1880
08087,Morgan,CO,2015
08089,Otero,CO,607
08091,Ouray,CO,2782
08093,Park,CO,2508
08095,Phillips,CO,1738
08097,Pitkin,CO,3040
08099,Prowers,CO,2509
08101,Pueblo,CO,1605
08103,Rio Blanco,CO,202
08105,Rio Grande,CO,163
08107,Routt,CO,723
08109,Saguache,CO,1600
08111,San Juan,CO,164
08113,San Miguel,CO,1928
08115,Sedgwick,CO,165
08117,Summit,CO,201
08119,Teller,CO,1739
08121,Washington,CO,2579
08123,Weld,CO,1797
08125,Yuma,CO,1740
09001,Fairfield,CT,1871
09003,Hartford,CT,1885
09005,Litchfield,CT,2721
09007,Middlesex,CT,1287
09009,New Haven,CT,955
09011,New London,CT,2510
09013,Tolland,CT,2018
09015,Windham,CT,2580
10001,Kent,DE,1741
10003,New Castle,DE,1564
10005,Sussex,DE,166
11001,Washington,DC,67090
12001,Alachua,FL,2511
12003,Baker,FL,2019
12005,Bay,FL,2086
12007,Bradford,FL,2512
12009,Brevard,FL,839
12011,Broward,FL,1798
12013,Calhoun,FL,167
12015,Charlotte,FL,2021
12017,Citrus,FL,696
12019,Clay,FL,168
12021,Collier,FL,2348
12023,Columbia,FL,48817
12027,DeSoto,FL,107071
12029,Dixie,FL,169
12031,Duval,FL,172
12033,Escambia,FL,48805
12035,Flagler,FL,171
12037,Franklin,FL,1315
12039,Gadsden,FL,170
12041,Gilchrist,FL,1561
12043,Glades,FL,695
12045,Gulf,FL,1314
12047,Hamilton,FL,173
12049,Hardee,FL,524
12051,Hendry,FL,1742
12053,Hernando,FL,1743
12055,Highlands,FL,920
12057,Hillsborough,FL,936
12059,Holmes,FL,2068
12061,Indian River,FL,1929
12063,Jackson,FL,698
12065,Jefferson,FL,48804
12067,Lafayette,FL,174
12069,Lake,FL,534
12071,Lee,FL,2583
12073,Leon,FL,175
12075,Levy,FL,676
12077,Liberty,FL,724
12079,Madison,FL,48806
12081,Manatee,FL,941
12083,Marion,FL,48814
12085,Martin,FL,1869
12086,Miami-Dade,FL,2345
12087,Monroe,FL,1828
12089,Nassau,FL,48822
12091,Okaloosa,FL,2808
12093,Okeechobee,FL,528
12095,Orange,FL,934
12097,Osceola,FL,938
12099,Palm Beach,FL,1754
12101,Pasco,FL,529
12103,Pinellas,FL,2864
12105,Polk,FL,948
12107,Putnam,FL,677
12109,St Johns,FL,107072
12111,St Lucie,FL,107073
12113,Santa Rosa,FL,609
12115,Sarasota,FL,2034
12117,Seminole,FL,392
12119,Sumter,FL,561
12121,Suwannee,FL,1017
12123,Taylor,FL,725
12125,Union,FL,3041
12127,Volusia,FL,1796
12129,Wakulla,FL,1317
12131,Walton,FL,2805
12133,Washington,FL,997
13001,Appling,GA,1977
13003,Atkinson,GA,2020
13005,Bacon,GA,1018
13007,Baker,GA,2088
13009,Baldwin,GA,2467
13011,Banks,GA,2513
13013,Barrow,GA,1776
13015,Bartow,GA,947
13017,Ben Hill,GA,2514
13019,Berrien,GA,678
13021,Bibb,GA,2865
13023,Bleckley,GA,679
13025,Brantley,GA,2515
13027,Brooks,GA,680
13029,Bryan,GA,2516
13031,Bulloch,GA,597
13033,Burke,GA,593
13035,Butts,GA,1318
13037,Calhoun,GA,2797
13039,Camden,GA,2071
13043,Candler,GA,2517
13045,Carroll,GA,1509
13047,Catoosa,GA,681
13049,Charlton,GA,682
13051,Chatham,GA,2519
13053,Chattahoochee,GA,2288
13055,Chattooga,GA,1879
13057,Cherokee,GA,567
13059,Clarke,GA,1019
13061,Clay,GA,1319
13063,Clayton,GA,2866
13065,Clinch,GA,2518
13067,Cobb,GA,978
13069,Coffee,GA,2867
13071,Colquitt,GA,2520
13073,Columbia,GA,2022
13075,Cook,GA,700
13077,Coweta,GA,2868
13079,Crawford,GA,683
13081,Crisp,GA,2869
13083,Dade,GA,684
13085,Dawson,GA,595
13087,Decatur,GA,685
13091,Dodge,GA,2870
13093,Dooly,GA,2035
13095,Dougherty,GA,2521
13097,Douglas,GA,2871
13099,Early,GA,2798
13101,Echols,GA,687
13103,Effingham,GA,599
13105,Elbert,GA,2790
13107,Emanuel,GA,1024
13109,Evans,GA,2522
13111,Fannin,GA,2059
13113,Fayette,GA,688
13115,Floyd,GA,563
13117,Forsyth,GA,689
13119,Franklin,GA,2803
13121,Fulton,GA,690
13123,Gilmer,GA,598
13125,Glascock,GA,2023
13127,Glynn,GA,1321
13129,Gordon,GA,1824
13131,Grady,GA,701
13133,Greene,GA,2024
13135,Gwinnett,GA,726
13137,Habersham,GA,2523
13139,Hall,GA,1394
13141,Hancock,GA,2872
13143,Haralson,GA,2873
13145,Harris,GA,2058
13147,Hart,GA,2804
13149,Heard,GA,1083
13151,Henry,GA,2524
13153,Houston,GA,1085
13155,Irwin,GA,2525
13157,Jackson,GA,1084
13159,Jasper,GA,1395
13161,Jeff Davis,GA,2526
13163,Jefferson,GA,2874
13165,Jenkins,GA,2801
13167,Johnson,GA,1020
13169,Jones,GA,1320
13171,Lamar,GA,2527
13173,Lanier,GA,702
13175,Laurens,GA,1086
13177,Lee,GA,2528
13179,Liberty,GA,2025
13181,Lincoln,GA,1322
13183,Long,GA,1396
13185,Lowndes,GA,727
13187,Lumpkin,GA,2529
13189,McDuffie,GA,2530
13191,McIntosh,GA,2875
13193,Macon,GA,2064
13195,Madison,GA,596
13197,Marion,GA,592
13199,Meriwether,GA,1323
13201,Miller,GA,2807
13205,Mitchell,GA,2026
13207,Monroe,GA,1009
13209,Montgomery,GA,2531
13211,Morgan,GA,703
13213,Murray,GA,1324
13215,Muscogee,GA,2533
13217,Newton,GA,728
13219,Oconee,GA,729
13221,Oglethorpe,GA,2532
13223,Paulding,GA,552
13225,Peach,GA,2876
13227,Pickens,GA,958
13229,Pierce,GA,2536
13231,Pike,GA,2534
13233,Polk,GA,957
13235,Pulaski,GA,1087
13237,Putnam,GA,1325
13239,Quitman,GA,2027
13241,Rabun,GA,554
13243,Randolph,GA,1326
13245,Richmond,GA,1328
13247,Rockdale,GA,704
13249,Schley,GA,2810
13251,Screven,GA,1327
13253,Seminole,GA,730
13255,Spalding,GA,1601
13257,Stephens,GA,1599
13259,Stewart,GA,1329
13261,Sumter,GA,1330
13263,Talbot,GA,1021
13265,Taliaferro,GA,1088
13267,Tattnall,GA,2877
13269,Taylor,GA,2811
13271,Telfair,GA,1397
13273,Terrell,GA,2028
13275,Thomas,GA,1331
13277,Tift,GA,1603
13279,Toombs,GA,2029
13281,Towns,GA,2535
13283,Treutlen,GA,1974
13285,Troup,GA,1089
13287,Turner,GA,1622
13289,Twiggs,GA,2163
13291,Union,GA,1090
13293,Upson,GA,1598
13295,Walker,GA,1091
13297,Walton,GA,1562
13299,Ware,GA,1604
13301,Warren,GA,2537
13303,Washington,GA,2814
13305,Wayne,GA,284
13307,Webster,GA,2812
13309,Wheeler,GA,1596
13311,White,GA,1597
13313,Whitfield,GA,705
13315,Wilcox,GA,2539
13317,Wilkes,GA,1606
13319,Wilkinson,GA,2878
13321,Worth,GA,1623
15001,Hawaii,HI,2351
15003,Honolulu,HI,1856
15007,Kauai,HI,1333
15009,Maui,HI,1607
16001,Ada,ID,1933
16003,Adams,ID,1624
16005,Bannock,ID,2542
16007,Bear Lake,ID,2879
16009,Benewah,ID,2813
16011,Bingham,ID,1332
16013,Blaine,ID,2091
16015,Boise,ID,2030
16017,Bonner,ID,2289
16019,Bonneville,ID,2881
16021,Boundary,ID,1744
16023,Butte,ID,1011
16025,Camas,ID,2468
16027,Canyon,ID,1820
16029,Caribou,ID,2541
16031,Cassia,ID,1014
16033,Clark,ID,290
16035,Clearwater,ID,1745
16037,Custer,ID,1336
16039,Elmore,ID,1882
16041,Franklin,ID,1092
16043,Fremont,ID,2291
16045,Gem,ID,2880
16047,Gooding,ID,2070
16049,Idaho,ID,2294
16051,Jefferson,ID,1337
16053,Jerome,ID,2792
16055,Kootenai,ID,600
16057,Latah,ID,2817
16059,Lemhi,ID,3015
16061,Lewis,ID,1338
16063,Lincoln,ID,2819
16065,Madison,ID,1093
16067,Minidoka,ID,2820
16069,Nez Perce,ID,1023
16071,Oneida,ID,2883
16073,Owyhee,ID,1006
16075,Payette,ID,964
16077,Power,ID,1339
16079,Shoshone,ID,3016
16081,Teton,ID,1094
16083,Twin Falls,ID,1870
16085,Valley,ID,1340
16087,Washington,ID,971
17001,Adams,IL,1536
17003,Alexander,IL,1341
17005,Bond,IL,2882
17007,Boone,IL,1533
17009,Brown,IL,1746
17011,Bureau,IL,706
17013,Calhoun,IL,1283
17015,Carroll,IL,2292
17017,Cass,IL,1508
17019,Champaign,IL,1563
17021,Christian,IL,1095
17023,Clark,IL,143
17025,Clay,IL,2092
17027,Clinton,IL,1096
17029,Coles,IL,2297
17031,Cook,IL,1859
17033,Crawford,IL,1342
17035,Cumberland,IL,1097
17037,De Kalb,IL,1777
17041,Douglas,IL,1931
17045,Edgar,IL,1747
17047,Edwards,IL,1343
17049,Effingham,IL,1098
17051,Fayette,IL,1119
17053,Ford,IL,1748
17055,Franklin,IL,2301
17057,Fulton,IL,1749
17059,Gallatin,IL,283
17061,Greene,IL,1775
17063,Grundy,IL,2298
17065,Hamilton,IL,3042
17067,Hancock,IL,3043
17069,Hardin,IL,591
17071,Henderson,IL,1565
17073,Henry,IL,387
17075,Iroquois,IL,2031
17077,Jackson,IL,1099
17079,Jasper,IL,2815
17081,Jefferson,IL,1809
17083,Jersey,IL,1864
17085,Jo Daviess,IL,2299
17087,Johnson,IL,1022
17089,Kane,IL,961
17091,Kankakee,IL,351
17093,Kendall,IL,336
17095,Knox,IL,424
17097,Lake,IL,429
17099,La Salle,IL,2293
17101,Lawrence,IL,2540
17103,Lee,IL,3045
17105,Livingston,IL,1100
17107,Logan,IL,1511
17109,McDonough,IL,2300
17111,McHenry,IL,1248
17113,McLean,IL,2295
17115,Macon,IL,2304
17117,Macoupin,IL,2296
17119,Madison,IL,1887
17121,Marion,IL,1750
17123,Marshall,IL,1101
17125,Mason,IL,2673
17127,Massac,IL,1566
17129,Menard,IL,2302
17131,Mercer,IL,1102
17133,Monroe,IL,1120
17135,Montgomery,IL,1103
17137,Morgan,IL,2305
17139,Moultrie,IL,3044
17141,Ogle,IL,818
17143,Peoria,IL,1121
17145,Perry,IL,2674
17147,Piatt,IL,367
17149,Pike,IL,2675
17151,Pope,IL,1567
17153,Pulaski,IL,1568
17155,Putnam,IL,145
17157,Randolph,IL,1104
17159,Richland,IL,2032
17161,Rock Island,IL,1122
17163,St Clair,IL,108242
17165,Saline,IL,1932
17167,Sangamon,IL,1810
17169,Schuyler,IL,2357
17171,Scott,IL,337
17173,Shelby,IL,1811
17175,Stark,IL,1105
17177,Stephenson,IL,338
17179,Tazewell,IL,146
17181,Union,IL,147
17183,Vermilion,IL,1751
17185,Wabash,IL,2139
17187,Warren,IL,1243
17189,Washington,IL,2303
17191,Wayne,IL,2358
17193,White,IL,1246
17195,Whiteside,IL,732
17197,Will,IL,857
17199,Williamson,IL,1106
17201,Winnebago,IL,2679
17203,Woodford,IL,1107
18001,Adams,IN,2094
18003,Allen,IN,1108
18005,Bartholomew,IN,1414
18007,Benton,IN,1415
18009,Blackford,IN,2466
18011,Boone,IN,2676
18013,Brown,IN,282
18015,Carroll,IN,1416
18017,Cass,IN,1417
18019,Clark,IN,1569
18021,Clay,IN,1025
18023,Clinton,IN,898
18025,Crawford,IN,1608
18027,Daviess,IN,2826
18029,Dearborn,IN,1123
18031,Decatur,IN,1418
18033,De Kalb,IN,2140
18035,Delaware,IN,289
18037,Dubois,IN,2141
18039,Elkhart,IN,2783
18041,Fayette,IN,2142
18043,Floyd,IN,1027
18045,Fountain,IN,1026
18047,Franklin,IN,1571
18049,Fulton,IN,1419
18051,Gibson,IN,2347
18053,Grant,IN,1420
18055,Greene,IN,1570
18057,Hamilton,IN,390
18059,Hancock,IN,2143
18061,Harrison,IN,1625
18063,Hendricks,IN,388
18065,Henry,IN,148
18067,Howard,IN,1124
18069,Huntington,IN,1421
18071,Jackson,IN,1422
18073,Jasper,IN,1423
18075,Jay,IN,2818
18077,Jefferson,IN,1424
18079,Jennings,IN,1858
18081,Johnson,IN,149
18083,Knox,IN,2164
18085,Kosciusko,IN,1425
18087,LaGrange,IN,150
18089,Lake,IN,373
18091,LaPorte,IN,151
18093,Lawrence,IN,2827
18095,Madison,IN,1426
18097,Marion,IN,840
18099,Marshall,IN,2356
18101,Martin,IN,1028
18103,Miami,IN,916
18105,Monroe,IN,1626
18107,Montgomery,IN,413
18109,Morgan,IN,1672
18111,Newton,IN,1125
18113,Noble,IN,1126
18115,Ohio,IN,2816
18117,Orange,IN,1976
18119,Owen,IN,2828
18121,Parke,IN,1010
18123,Perry,IN,1029
18125,Pike,IN,2033
18127,Porter,IN,425
18129,Posey,IN,2359
18131,Pulaski,IN,1127
18133,Putnam,IN,2144
18135,Randolph,IN,2165
18137,Ripley,IN,230
18139,Rush,IN,1671
18141,St Joseph,IN,107076
18143,Scott,IN,231
18145,Shelby,IN,1673
18147,Spencer,IN,2069
18149,Starke,IN,2829
18151,Steuben,IN,2166
18153,Sullivan,IN,2830
18155,Switzerland,IN,1399
18157,Tippecanoe,IN,1674
18159,Tipton,IN,1573
18161,Union,IN,1574
18163,Vanderburgh,IN,1881
18165,Vermillion,IN,1400
18167,Vigo,IN,1675
18169,Wabash,IN,1128
18171,Warren,IN,2831
18173,Warrick,IN,2360
18175,Washington,IN,2145
18177,Wayne,IN,288
18179,Wells,IN,1012
18181,White,IN,2253
18183,Whitley,IN,2252
19001,Adair,IA,2095
19003,Adams,IA,2072
19005,Allamakee,IA,152
19007,Appanoose,IA,2832
19009,Audubon,IA,2833
19011,Benton,IA,1575
19013,Black Hawk,IA,2835
19015,Boone,IA,1030
19017,Bremer,IA,1007
19019,Buchanan,IA,1676
19021,Buena Vista,IA,1129
19023,Butler,IA,1609
19025,Calhoun,IA,2834
19027,Carroll,IA,1611
19029,Cass,IA,2167
19031,Cedar,IA,1576
19033,Cerro Gordo,IA,2836
19035,Cherokee,IA,2254
19037,Chickasaw,IA,2119
19039,Clarke,IA,1031
19041,Clay,IA,1812
19043,Clayton,IA,1677
19045,Clinton,IA,153
19047,Crawford,IA,2761
19049,Dallas,IA,2838
19051,Davis,IA,2146
19053,Decatur,IA,2821
19055,Delaware,IA,1130
19057,Des Moines,IA,285
19059,Dickinson,IA,1678
19061,Dubuque,IA,1679
19063,Emmet,IA,2677
19065,Fayette,IA,2255
19067,Floyd,IA,1577
19069,Franklin,IA,1627
19071,Fremont,IA,1680
19073,Greene,IA,2822
19075,Grundy,IA,2147
19077,Guthrie,IA,2469
19079,Hamilton,IA,2837
19081,Hancock,IA,2148
19083,Hardin,IA,1628
19085,Harrison,IA,433
19087,Henry,IA,2256
19089,Howard,IA,1032
19091,Humboldt,IA,2839
19093,Ida,IA,443
19095,Iowa,IA,2840
19097,Jackson,IA,1681
19099,Jasper,IA,1033
19101,Jefferson,IA,154
19103,Johnson,IA,287
19105,Jones,IA,1682
19107,Keokuk,IA,2149
19109,Kossuth,IA,1813
19111,Lee,IA,2306
19113,Linn,IA,2257
19115,Louisa,IA,1578
19117,Lucas,IA,1610
19119,Lyon,IA,1629
19121,Madison,IA,1975
19123,Mahaska,IA,155
19125,Marion,IA,1579
19127,Marshall,IA,2841
19129,Mills,IA,1683
19131,Mitchell,IA,1580
19133,Monona,IA,480
19135,Monroe,IA,1630
19137,Montgomery,IA,1439
19139,Muscatine,IA,1034
19143,Osceola,IA,156
19145,Page,IA,2842
19147,Palo Alto,IA,158
19149,Plymouth,IA,1440
19151,Pocahontas,IA,1631
19153,Polk,IA,1582
19155,Pottawattamie,IA,2258
19157,Poweshiek,IA,1684
19159,Ringgold,IA,2786
19161,Sac,IA,1685
19163,Scott,IA,2150
19165,Shelby,IA,1686
19167,Sioux,IA,2262
19169,Story,IA,1979
19171,Tama,IA,1612
19173,Taylor,IA,1581
19175,Union,IA,53
19177,Van Buren,IA,54
19179,Wapello,IA,2188
19181,Warren,IA,1632
19183,Washington,IA,1687
19185,Wayne,IA,2151
19187,Webster,IA,1614
19189,Winnebago,IA,1633
19191,Winneshiek,IA,1934
19193,Woodbury,IA,491
19195,Worth,IA,1613
19197,Wright,IA,157
20001,Allen,KS,2152
20003,Anderson,KS,57
20005,Atchison,KS,2189
20007,Barber,KS,2678
20009,Barton,KS,2096
20011,Bourbon,KS,1616
20013,Brown,KS,1935
20015,Butler,KS,557
20017,Chase,KS,2762
20019,Chautauqua,KS,1850
20021,Cherokee,KS,389
20023,Cheyenne,KS,2683
20025,Clark,KS,2190
20027,Clay,KS,1635
20029,Cloud,KS,2153
20031,Coffey,KS,1036
20033,Comanche,KS,2843
20035,Cowley,KS,2352
20037,Crawford,KS,2259
20039,Decatur,KS,2191
20041,Dickinson,KS,1293
20043,Doniphan,KS,2260
20045,Douglas,KS,1886
20047,Edwards,KS,2470
20049,Elk,KS,444
20051,Ellis,KS,2844
20053,Ellsworth,KS,2073
20055,Finney,KS,1822
20057,Ford,KS,2785
20059,Franklin,KS,2754
20061,Geary,KS,2845
20063,Gove,KS,1936
20065,Graham,KS,1634
20067,Grant,KS,549
20069,Gray,KS,548
20071,Greeley,KS,2846
20073,Greenwood,KS,2770
20075,Hamilton,KS,1636
20077,Harper,KS,2192
20079,Harvey,KS,526
20081,Haskell,KS,551
20083,Hodgeman,KS,553
20085,Jackson,KS,292
20087,Jefferson,KS,159
20089,Jewell,KS,2193
20091,Johnson,KS,2363
20093,Kearny,KS,569
20095,Kingman,KS,976
20097,Kiowa,KS,55
20099,Labette,KS,2263
20101,Lane,KS,1825
20103,Leavenworth,KS,2752
20105,Lincoln,KS,1008
20107,Linn,KS,64
20109,Logan,KS,56
20111,Lyon,KS,117
20113,McPherson,KS,446
20115,Marion,KS,469
20117,Marshall,KS,2730
20119,Meade,KS,2194
20121,Miami,KS,2763
20123,Mitchell,KS,1937
20125,Montgomery,KS,1637
20127,Morris,KS,1938
20129,Morton,KS,1939
20131,Nemaha,KS,2361
20133,Neosho,KS,1638
20135,Ness,KS,1830
20137,Norton,KS,2195
20139,Osage,KS,2168
20141,Osborne,KS,1940
20143,Ottawa,KS,1941
20145,Pawnee,KS,58
20147,Phillips,KS,2847
20149,Pottawatomie,KS,2362
20151,Pratt,KS,2364
20153,Rawlins,KS,391
20155,Reno,KS,1829
20157,Republic,KS,2261
20159,Rice,KS,1942
20161,Riley,KS,1442
20163,Rooks,KS,1035
20165,Rush,KS,1943
20167,Russell,KS,1037
20169,Saline,KS,60
20171,Scott,KS,1826
20173,Sedgwick,KS,1296
20175,Seward,KS,2196
20177,Shawnee,KS,2320
20179,Sheridan,KS,1441
20181,Sherman,KS,414
20183,Smith,KS,1944
20185,Stafford,KS,2365
20187,Stanton,KS,118
20189,Stevens,KS,594
20191,Sumner,KS,2344
20193,Thomas,KS,2197
20195,Trego,KS,1945
20197,Wabaunsee,KS,1443
20199,Wallace,KS,59
20201,Washington,KS,2367
20203,Wichita,KS,2154
20205,Wilson,KS,160
20207,Woodson,KS,119
20209,Wyandotte,KS,1866
21001,Adair,KY,1946
21003,Allen,KY,1038
21005,Anderson,KY,661
21007,Ballard,KY,61
21009,Barren,KY,1947
21011,Bath,KY,483
21013,Bell,KY,2198
21015,Boone,KY,2169
21017,Bourbon,KY,1444
21019,Boyd,KY,2097
21021,Boyle,KY,1948
21023,Bracken,KY,1949
21025,Breathitt,KY,2471
21027,Breckinridge,KY,62
21029,Bullitt,KY,662
21031,Butler,KY,1950
21033,Caldwell,KY,2771
21035,Calloway,KY,1873
21037,Campbell,KY,2784
21039,Carlisle,KY,602
21041,Carroll,KY,2170
21043,Carter,KY,1952
21045,Casey,KY,1039
21047,Christian,KY,1874
21049,Clark,KY,1445
21051,Clay,KY,1446
21053,Clinton,KY,1951
21055,Crittenden,KY,1953
21057,Cumberland,KY,1040
21059,Daviess,KY,65
21061,Edmonson,KY,1954
21063,Elliott,KY,1615
21065,Estill,KY,1955
21067,Fayette,KY,1958
21069,Fleming,KY,663
21071,Floyd,KY,1957
21073,Franklin,KY,756
21075,Fulton,KY,63
21077,Gallatin,KY,2199
21079,Garrard,KY,1956
21081,Grant,KY,66
21083,Graves,KY,69
21085,Grayson,KY,1959
21087,Green,KY,67
21089,Greenup,KY,2074
21091,Hancock,KY,68
21093,Hardin,KY,120
21095,Harlan,KY,280
21097,Harrison,KY,71
21099,Hart,KY,1639
21101,Henderson,KY,1875
21103,Henry,KY,664
21105,Hickman,KY,70
21107,Hopkins,KY,1961
21109,Jackson,KY,72
21111,Jefferson,KY,757
21113,Jessamine,KY,1041
21115,Johnson,KY,73
21117,Kenton,KY,78
21119,Knott,KY,1960
21121,Knox,KY,1447
21123,Larue,KY,74
21125,Laurel,KY,75
21127,Lawrence,KY,77
21129,Lee,KY,76
21131,Leslie,KY,1448
21133,Letcher,KY,1962
21135,Lewis,KY,1963
21137,Lincoln,KY,79
21139,Livingston,KY,1042
21141,Logan,KY,1965
21143,Lyon,KY,1872
21145,McCracken,KY,1980
21147,McCreary,KY,1043
21149,McLean,KY,1964
21151,Madison,KY,1982
21153,Magoffin,KY,81
21155,Marion,KY,83
21157,Marshall,KY,1888
21159,Martin,KY,1044
21161,Mason,KY,1966
21163,Meade,KY,1985
21165,Menifee,KY,504
21167,Mercer,KY,1617
21169,Metcalfe,KY,1967
21171,Monroe,KY,1983
21173,Montgomery,KY,509
21175,Morgan,KY,550
21177,Muhlenberg,KY,1968
21179,Nelson,KY,2201
21181,Nicholas,KY,2200
21183,Ohio,KY,1046
21185,Oldham,KY,2203
21187,Owen,KY,2202
21189,Owsley,KY,80
21191,Pendleton,KY,84
21193,Perry,KY,85
21195,Pike,KY,121
21197,Powell,KY,523
21199,Pulaski,KY,1969
21201,Robertson,KY,82
21203,Rockcastle,KY,86
21205,Rowan,KY,508
21207,Russell,KY,1618
21209,Scott,KY,89
21211,Shelby,KY,2205
21213,Simpson,KY,994
21215,Spencer,KY,2171
21217,Taylor,KY,87
21219,Todd,KY,88
21221,Trigg,KY,2366
21223,Trimble,KY,2204
21225,Union,KY,1970
21227,Warren,KY,1047
21229,Washington,KY,1971
21231,Wayne,KY,1972
21233,Webster,KY,1640
21235,Whitley,KY,2206
21237,Wolfe,KY,505
21239,Woodford,KY,2102
22001,Acadia,LA,1045
22003,Allen,LA,912
22005,Ascension,LA,1984
22007,Assumption,LA,2098
22009,Avoyelles,LA,1449
22011,Beauregard,LA,1815
22013,Bienville,LA,2155
22015,Bossier,LA,1987
22017,Caddo,LA,1450
22019,Calcasieu,LA,1831
22021,Caldwell,LA,1451
22023,Cameron,LA,1832
22025,Catahoula,LA,393
22027,Claiborne,LA,1641
22029,Concordia,LA,2473
22031,De Soto,LA,2684
22033,East Baton Rouge,LA,2208
22035,East Carroll,LA,122
22037,East Feliciana,LA,123
22039,Evangeline,LA,2650
22041,Franklin,LA,2075
22043,Grant,LA,851
22045,Iberia,LA,1048
22047,Iberville,LA,124
22049,Jackson,LA,1049
22051,Jefferson,LA,2126
22053,Jefferson Davis,LA,1986
22055,Lafayette,LA,125
22057,Lafourche,LA,1989
22059,La Salle,LA,417
22061,Lincoln,LA,126
22063,Livingston,LA,1642
22065,Madison,LA,1814
22067,Morehouse,LA,1050
22069,Natchitoches,LA,1452
22071,Orleans,LA,2109
22073,Ouachita,LA,1619
22075,Plaquemines,LA,966
22077,Pointe Coupee,LA,2104
22079,Rapides,LA,2369
22081,Red River,LA,2787
22083,Richland,LA,2103
22085,Sabine,LA,2342
22087,St Bernard,LA,107079
22089,St Charles,LA,107088
22091,St Helena,LA,107086
22093,St James,LA,107083
22095,St John the Baptist,LA,107085
22097,St Landry,LA,107081
22099,St Martin,LA,107080
22101,St Mary,LA,107087
22103,St Tammany,LA,107084
22105,Tangipahoa,LA,2108
22107,Tensas,LA,91
22109,Terrebonne,LA,1004
22111,Union,LA,1988
22113,Vermilion,LA,1620
22115,Vernon,LA,1753
22117,Washington,LA,2156
22119,Webster,LA,1621
22121,West Baton Rouge,LA,1643
22123,West Carroll,LA,1644
22125,West Feliciana,LA,1645
22127,Winn,LA,349
23001,Androscoggin,ME,2157
23003,Aroostook,ME,1646
23005,Cumberland,ME,2004
23007,Franklin,ME,665
23009,Hancock,ME,1647
23011,Kennebec,ME,2209
23013,Knox,ME,2158
23015,Lincoln,ME,1648
23017,Oxford,ME,2368
23019,Penobscot,ME,2005
23021,Piscataquis,ME,1991
23023,Sagadahoc,ME,2010
23025,Somerset,ME,2011
23027,Waldo,ME,666
23029,Washington,ME,127
23031,York,ME,1889
24001,Allegany,MD,48809
24003,Anne Arundel,MD,1818
24005,Baltimore,MD,48807
24009,Calvert,MD,1891
24011,Caroline,MD,820
24013,Carroll,MD,48810
24015,Cecil,MD,1455
24017,Charles,MD,48813
24019,Dorchester,MD,1456
24021,Frederick,MD,48816
24023,Garrett,MD,1457
24025,Harford,MD,2036
24027,Howard,MD,48820
24029,Kent,MD,2680
24031,Montgomery,MD,48818
24033,Prince Georges,MD,48821
24035,Queen Annes,MD,13398
24037,St Marys,MD,107089
24039,Somerset,MD,2370
24041,Talbot,MD,2686
24043,Washington,MD,48819
24045,Wicomico,MD,2172
24047,Worcester,MD,2371
24510,Baltimore City,MD,108234
25001,Barnstable,MA,1458
25003,Berkshire,MA,821
25005,Bristol,MA,2653
25007,Dukes,MA,2706
25009,Essex,MA,1897
25011,Franklin,MA,128
25013,Hampden,MA,2007
25015,Hampshire,MA,2012
25017,Middlesex,MA,1459
25019,Nantucket,MA,2160
25021,Norfolk,MA,2264
25023,Plymouth,MA,1698
25025,Suffolk,MA,2947
25027,Worcester,MA,2607
26001,Alcona,MI,2207
26003,Alger,MI,2210
26005,Allegan,MI,527
26007,Alpena,MI,2231
26009,Antrim,MI,2013
26011,Arenac,MI,129
26013,Baraga,MI,130
26015,Barry,MI,2232
26017,Bay,MI,2006
26019,Benzie,MI,2008
26021,Berrien,MI,2373
26023,Branch,MI,2161
26025,Calhoun,MI,2211
26027,Cass,MI,2110
26029,Charlevoix,MI,2604
26031,Cheboygan,MI,2233
26033,Chippewa,MI,2605
26035,Clare,MI,2568
26037,Clinton,MI,2099
26039,Crawford,MI,2111
26041,Delta,MI,2234
26043,Dickinson,MI,2606
26045,Eaton,MI,2235
26047,Emmet,MI,2236
26049,Genesee,MI,2855
26051,Gladwin,MI,2112
26053,Gogebic,MI,1892
26055,Grand Traverse,MI,131
26057,Gratiot,MI,2853
26059,Hillsdale,MI,2237
26061,Houghton,MI,2239
26063,Huron,MI,2854
26065,Ingham,MI,2719
26067,Ionia,MI,95
26069,Iosco,MI,2238
26071,Iron,MI,2240
26073,Isabella,MI,667
26075,Jackson,MI,2948
26077,Kalamazoo,MI,2241
26079,Kalkaska,MI,2113
26081,Kent,MI,530
26083,Keweenaw,MI,2946
26085,Lake,MI,987
26087,Lapeer,MI,1834
26089,Leelanau,MI,2644
26091,Lenawee,MI,2608
26093,Livingston,MI,2609
26095,Luce,MI,2645
26097,Mackinac,MI,2949
26099,Macomb,MI,1855
26101,Manistee,MI,970
26103,Marquette,MI,2266
26105,Mason,MI,918
26107,Mecosta,MI,570
26109,Menominee,MI,2646
26111,Midland,MI,2895
26113,Missaukee,MI,132
26115,Monroe,MI,2009
26117,Montcalm,MI,96
26119,Montmorency,MI,2647
26121,Muskegon,MI,510
26123,Newaygo,MI,937
26125,Oakland,MI,2350
26127,Oceana,MI,574
26129,Ogemaw,MI,2648
26131,Ontonagon,MI,1510
26133,Osceola,MI,968
26135,Oscoda,MI,2950
26137,Otsego,MI,1344
26139,Ottawa,MI,559
26141,Presque Isle,MI,2265
26143,Roscommon,MI,2077
26145,Saginaw,MI,2321
26147,St Clair,MI,108243
26149,St Joseph,MI,107090
26151,Sanilac,MI,2896
26153,Schoolcraft,MI,2267
26155,Shiawassee,MI,2137
26157,Tuscola,MI,2569
26159,Van Buren,MI,2682
26161,Washtenaw,MI,2649
26163,Wayne,MI,986
26165,Wexford,MI,1833
27001,Aitkin,MN,13474
27003,Anoka,MN,13522
27005,Becker,MN,13473
27007,Beltrami,MN,13463
27009,Benton,MN,13447
27011,Big Stone,MN,13506
27013,Blue Earth,MN,13403
27015,Brown,MN,13405
27017,Carlton,MN,13438
27019,Carver,MN,13426
27021,Cass,MN,48823
27023,Chippewa,MN,13461
27025,Chisago,MN,13449
27027,Clay,MN,13448
27029,Clearwater,MN,13490
27031,Cook,MN,13500
27033,Cottonwood,MN,13402
27035,Crow Wing,MN,13484
27037,Dakota,MN,13394
27039,Dodge,MN,13414
27041,Douglas,MN,13418
27043,Faribault,MN,13458
27045,Fillmore,MN,13508
27047,Freeborn,MN,13485
27049,Goodhue,MN,13464
27051,Grant,MN,13501
27053,Hennepin,MN,13470
27055,Houston,MN,13465
27057,Hubbard,MN,13492
27059,Isanti,MN,13421
27061,Itasca,MN,13486
27063,Jackson,MN,13404
27065,Kanabec,MN,13491
27067,Kandiyohi,MN,13439
27069,Kittson,MN,13462
27071,Koochiching,MN,13419
27073,Lac qui Parle,MN,13399
27075,Lake,MN,13427
27077,Lake of the Woods,MN,13433
27079,Le Sueur,MN,13436
27081,Lincoln,MN,13460
27083,Lyon,MN,13442
27085,McLeod,MN,13493
27087,Mahnomen,MN,13425
27089,Marshall,MN,13523
27091,Martin,MN,13428
27093,Meeker,MN,13478
27095,Mille Lacs,MN,13472
27097,Morrison,MN,13502
27099,Mower,MN,13509
27101,Murray,MN,13415
27103,Nicollet,MN,13494
27105,Nobles,MN,13466
27107,Norman,MN,48812
27109,Olmsted,MN,13422
27111,Otter Tail,MN,13505
27113,Pennington,MN,13499
27115,Pine,MN,13396
27117,Pipestone,MN,13459
27119,Polk,MN,48808
27121,Pope,MN,13477
27123,Ramsey,MN,13467
27125,Red Lake,MN,13495
27127,Redwood,MN,13479
27129,Renville,MN,13437
27131,Rice,MN,13496
27133,Rock,MN,13443
27135,Roseau,MN,13481
27137,St Louis,MN,107091
27139,Scott,MN,13441
27141,Sherburne,MN,13475
27143,Sibley,MN,13397
27145,Stearns,MN,13503
27147,Steele,MN,13511
27149,Stevens,MN,13471
27151,Swift,MN,13510
27153,Todd,MN,13498
27155,Traverse,MN,13507
27157,Wabasha,MN,13416
27159,Wadena,MN,13440
27161,Waseca,MN,13520
27163,Washington,MN,13521
27165,Watonwan,MN,13429
27167,Wilkin,MN,48815
27169,Winona,MN,13482
27171,Wright,MN,13497
27173,Yellow Medicine,MN,13480
28001,Adams,MS,2476
28003,Alcorn,MS,2307
28005,Amite,MS,2138
28007,Attala,MS,2897
28009,Benton,MS,2849
28011,Bolivar,MS,2479
28013,Calhoun,MS,2543
28015,Carroll,MS,1346
28017,Chickasaw,MS,2544
28019,Choctaw,MS,2477
28021,Claiborne,MS,822
28023,Clarke,MS,94
28025,Clay,MS,1990
28027,Coahoma,MS,2480
28029,Copiah,MS,2374
28031,Covington,MS,2478
28035,Forrest,MS,2570
28037,Franklin,MS,2850
28039,George,MS,959
28041,Greene,MS,465
28043,Grenada,MS,640
28045,Hancock,MS,2481
28047,Harrison,MS,2856
28049,Hinds,MS,427
28051,Holmes,MS,2545
28053,Humphreys,MS,2852
28055,Issaquena,MS,823
28057,Itawamba,MS,2485
28059,Jackson,MS,1835
28061,Jasper,MS,668
28063,Jefferson,MS,2482
28065,Jefferson Davis,MS,2483
28067,Jones,MS,1994
28069,Kemper,MS,2484
28071,Lafayette,MS,641
28073,Lamar,MS,2546
28075,Lauderdale,MS,1347
28077,Lawrence,MS,2486
28079,Leake,MS,2487
28081,Lee,MS,1348
28083,Leflore,MS,1993
28085,Lincoln,MS,2547
28087,Lowndes,MS,2037
28089,Madison,MS,1894
28091,Marion,MS,642
28093,Marshall,MS,525
28095,Monroe,MS,643
28097,Montgomery,MS,2851
28099,Neshoba,MS,2548
28101,Newton,MS,2488
28103,Noxubee,MS,2549
28105,Oktibbeha,MS,669
28107,Panola,MS,2858
28109,Pearl River,MS,2898
28111,Perry,MS,2118
28113,Pike,MS,2489
28115,Pontotoc,MS,1995
28117,Prentiss,MS,1816
28119,Quitman,MS,2491
28121,Rankin,MS,869
28123,Scott,MS,1349
28125,Sharkey,MS,2100
28127,Simpson,MS,824
28129,Smith,MS,2857
28131,Stone,MS,1992
28133,Sunflower,MS,2550
28135,Tallahatchie,MS,2571
28137,Tate,MS,758
28139,Tippah,MS,899
28141,Tishomingo,MS,901
28143,Tunica,MS,2932
28145,Union,MS,2551
28147,Walthall,MS,2490
28149,Warren,MS,361
28151,Washington,MS,2495
28153,Wayne,MS,2472
28155,Webster,MS,1350
28157,Wilkinson,MS,2572
28159,Winston,MS,2899
28161,Yalobusha,MS,1996
28163,Yazoo,MS,867
29001,Adair,MO,2552
29003,Andrew,MO,1763
29005,Atchison,MO,1244
29007,Audrain,MO,1351
29009,Barry,MO,2900
29011,Barton,MO,2901
29013,Bates,MO,2933
29015,Benton,MO,2934
29017,Bollinger,MO,670
29019,Boone,MO,2553
29021,Buchanan,MO,2654
29023,Butler,MO,2902
29025,Caldwell,MO,1997
29027,Callaway,MO,2499
29029,Camden,MO,2123
29031,Cape Girardeau,MO,1817
29033,Carroll,MO,2493
29035,Carter,MO,759
29037,Cass,MO,1895
29039,Cedar,MO,2935
29041,Chariton,MO,1998
29043,Christian,MO,2386
29045,Clark,MO,2984
29047,Clay,MO,1352
29049,Clinton,MO,644
29051,Cole,MO,761
29053,Cooper,MO,2859
29055,Crawford,MO,671
29057,Dade,MO,2985
29059,Dallas,MO,2986
29061,Daviess,MO,2101
29063,De Kalb,MO,2936
29065,Dent,MO,2474
29067,Douglas,MO,2903
29069,Dunklin,MO,763
29071,Franklin,MO,2387
29073,Gasconade,MO,2554
29075,Gentry,MO,2937
29077,Greene,MO,568
29079,Grundy,MO,2788
29081,Harrison,MO,606
29083,Henry,MO,226
29085,Hickory,MO,225
29087,Holt,MO,2938
29089,Howard,MO,2860
29091,Howell,MO,2492
29093,Iron,MO,2494
29095,Jackson,MO,2756
29097,Jasper,MO,2939
29099,Jefferson,MO,2322
29101,Johnson,MO,575
29103,Knox,MO,2905
29105,Laclede,MO,645
29107,Lafayette,MO,646
29109,Lawrence,MO,2753
29111,Lewis,MO,825
29113,Lincoln,MO,447
29115,Linn,MO,448
29117,Livingston,MO,2120
29119,McDonald,MO,2940
29121,Macon,MO,2324
29123,Madison,MO,2904
29125,Maries,MO,2573
29127,Marion,MO,2906
29129,Mercer,MO,2076
29131,Miller,MO,97
29133,Mississippi,MO,588
29135,Moniteau,MO,2323
29137,Monroe,MO,647
29139,Montgomery,MO,649
29141,Morgan,MO,2496
29143,New Madrid,MO,2907
29145,Newton,MO,229
29147,Nodaway,MO,227
29149,Oregon,MO,2325
29151,Osage,MO,834
29153,Ozark,MO,2497
29155,Pemiscot,MO,2908
29157,Perry,MO,2941
29159,Pettis,MO,133
29161,Phelps,MO,2498
29163,Pike,MO,2502
29165,Platte,MO,2555
29167,Polk,MO,3007
29169,Pulaski,MO,2038
29171,Putnam,MO,672
29173,Ralls,MO,2575
29175,Randolph,MO,648
29177,Ray,MO,1245
29179,Reynolds,MO,590
29181,Ripley,MO,2326
29183,St Charles,MO,107093
29185,St Clair,MO,731
29186,Ste. Genevieve,MO,107094
29187,St Francois,MO,107096
29189,St Louis,MO,108235
29195,Saline,MO,650
29197,Schuyler,MO,134
29199,Scotland,MO,2174
29201,Scott,MO,2556
29203,Shannon,MO,2501
29205,Shelby,MO,2327
29207,Stoddard,MO,651
29209,Stone,MO,576
29211,Sullivan,MO,1353
29213,Taney,MO,98
29215,Texas,MO,579
29217,Vernon,MO,2656
29219,Warren,MO,951
29221,Washington,MO,2987
29223,Wayne,MO,2465
29225,Webster,MO,2331
29227,Worth,MO,2500
29229,Wright,MO,135
29510,St Louis City,MO,107095
30001,Beaverhead,MT,953
30003,Big Horn,MT,1836
30005,Blaine,MT,488
30007,Broadwater,MT,2375
30009,Carbon,MT,963
30011,Carter,MT,415
30013,Cascade,MT,2330
30015,Chouteau,MT,445
30017,Custer,MT,449
30019,Daniels,MT,776
30021,Dawson,MT,571
30023,Deer Lodge,MT,826
30025,Fallon,MT,1893
30027,Fergus,MT,466
30029,Flathead,MT,2379
30031,Gallatin,MT,453
30033,Garfield,MT,532
30035,Glacier,MT,777
30037,Golden Valley,MT,2329
30039,Granite,MT,450
30041,Hill,MT,2353
30043,Jefferson,MT,362
30045,Judith Basin,MT,2332
30047,Lake,MT,3010
30049,Lewis and Clark,MT,1255
30051,Liberty,MT,3006
30053,Lincoln,MT,3012
30055,McCone,MT,988
30057,Madison,MT,3009
30059,Meagher,MT,2768
30061,Mineral,MT,778
30063,Missoula,MT,366
30065,Musselshell,MT,3008
30067,Park,MT,2333
30069,Petroleum,MT,2334
30071,Phillips,MT,487
30073,Pondera,MT,1854
30075,Powder River,MT,975
30077,Powell,MT,423
30079,Prairie,MT,531
30081,Ravalli,MT,426
30083,Richland,MT,943
30085,Roosevelt,MT,1837
30087,Rosebud,MT,48811
30089,Sanders,MT,2748
30091,Sheridan,MT,3011
30093,Silver Bow,MT,1762
30095,Stillwater,MT,3013
30097,Sweet Grass,MT,827
30099,Teton,MT,363
30101,Toole,MT,566
30103,Treasure,MT,967
30105,Valley,MT,2335
30107,Wheatland,MT,2376
30109,Wibaux,MT,928
30111,Yellowstone,MT,1839
31001,Adams,NE,2574
31003,Antelope,NE,2942
31005,Arthur,NE,1755
31007,Banner,NE,779
31009,Blaine,NE,2173
31011,Boone,NE,2175
31013,Box Butte,NE,780
31015,Boyd,NE,1896
31017,Brown,NE,2943
31019,Buffalo,NE,232
31021,Burt,NE,2767
31023,Butler,NE,2381
31025,Cass,NE,233
31027,Cedar,NE,2769
31029,Chase,NE,781
31031,Cherry,NE,420
31033,Cheyenne,NE,2944
31035,Clay,NE,176
31037,Colfax,NE,1761
31039,Cuming,NE,782
31041,Custer,NE,2945
31043,Dakota,NE,136
31045,Dawes,NE,421
31047,Dawson,NE,223
31049,Deuel,NE,1756
31051,Dixon,NE,533
31053,Dodge,NE,234
31055,Douglas,NE,224
31057,Dundy,NE,2377
31059,Fillmore,NE,1254
31061,Franklin,NE,178
31063,Frontier,NE,206
31065,Furnas,NE,235
31067,Gage,NE,784
31069,Garden,NE,783
31071,Garfield,NE,179
31073,Gosper,NE,2657
31075,Grant,NE,2702
31077,Greeley,NE,207
31079,Hall,NE,208
31081,Hamilton,NE,2039
31083,Harlan,NE,2658
31085,Hayes,NE,1757
31087,Hitchcock,NE,2176
31089,Holt,NE,1256
31091,Hooker,NE,828
31093,Howard,NE,1759
31095,Jefferson,NE,209
31097,Johnson,NE,1758
31099,Kearney,NE,210
31101,Keith,NE,3014
31103,Keya Paha,NE,2380
31105,Kimball,NE,2336
31107,Knox,NE,364
31109,Lancaster,NE,2338
31111,Lincoln,NE,785
31113,Logan,NE,236
31115,Loup,NE,237
31117,McPherson,NE,2337
31119,Madison,NE,837
31121,Merrick,NE,238
31123,Morrill,NE,1760
31125,Nance,NE,2659
31127,Nemaha,NE,2340
31129,Nuckolls,NE,2660
31131,Otoe,NE,211
31133,Pawnee,NE,3017
31135,Perkins,NE,2382
31137,Phelps,NE,2661
31139,Pierce,NE,760
31141,Platte,NE,762
31143,Polk,NE,1257
31145,Red Willow,NE,2662
31147,Richardson,NE,2341
31149,Rock,NE,2703
31151,Saline,NE,2383
31153,Sarpy,NE,2663
31155,Saunders,NE,2271
31157,Scotts Bluff,NE,3019
31159,Seward,NE,2328
31161,Sheridan,NE,850
31163,Sherman,NE,2664
31165,Sioux,NE,2268
31167,Stanton,NE,3018
31169,Thayer,NE,764
31171,Thomas,NE,212
31173,Thurston,NE,451
31175,Valley,NE,239
31177,Washington,NE,2704
31179,Wayne,NE,2695
31181,Webster,NE,240
31183,Wheeler,NE,2951
31185,York,NE,2712
32001,Churchill,NV,180
32003,Clark,NV,2388
32005,Douglas,NV,2269
32007,Elko,NV,1902
32009,Esmeralda,NV,765
32011,Eureka,NV,2576
32013,Humboldt,NV,977
32015,Lander,NV,137
32017,Lincoln,NV,2384
32019,Lyon,NV,213
32021,Mineral,NV,243
32023,Nye,NV,3046
32027,Pershing,NV,2557
32029,Storey,NV,419
32031,Washoe,NV,2696
32033,White Pine,NV,2385
32510,Carson City,NV,13525
33001,Belknap,NH,2558
33003,Carroll,NH,652
33005,Cheshire,NH,1354
33007,Coos,NH,2447
33009,Grafton,NH,139
33011,Hillsborough,NH,2272
33013,Merrimack,NH,766
33015,Rockingham,NH,786
33017,Strafford,NH,2270
33019,Sullivan,NH,2577
34001,Atlantic,NJ,181
34003,Bergen,NJ,2697
34005,Burlington,NJ,673
34007,Camden,NJ,2825
34009,Cape May,NJ,241
34011,Cumberland,NJ,214
34013,Essex,NJ,788
34015,Gloucester,NJ,1134
34017,Hudson,NJ,3020
34019,Hunterdon,NJ,182
34021,Mercer,NJ,2505
34023,Middlesex,NJ,1900
34025,Monmouth,NJ,183
34027,Morris,NJ,1300
34029,Ocean,NJ,140
34031,Passaic,NJ,3021
34033,Salem,NJ,2274
34035,Somerset,NJ,691
34037,Sussex,NJ,767
34039,Union,NJ,1173
34041,Warren,NJ,394
35001,Bernalillo,NM,2390
35003,Catron,NM,1899
35005,Chaves,NM,328
35006,Cibola,NM,2709
35007,Colfax,NM,3047
35009,Curry,NM,327
35011,De Baca,NM,3048
35013,Dona Ana,NM,2389
35015,Eddy,NM,3055
35017,Grant,NM,3051
35019,Guadalupe,NM,1258
35021,Harding,NM,329
35023,Hidalgo,NM,365
35025,Lea,NM,369
35027,Lincoln,NM,370
35028,Los Alamos,NM,787
35029,Luna,NM,368
35031,McKinley,NM,177
35033,Mora,NM,789
35035,Otero,NM,560
35037,Quay,NM,372
35039,Rio Arriba,NM,1274
35041,Roosevelt,NM,1259
35043,Sandoval,NM,397
35045,San Juan,NM,2722
35047,San Miguel,NM,833
35049,Santa Fe,NM,2392
35051,Sierra,NM,330
35053,Socorro,NM,3053
35055,Taos,NM,2393
35057,Torrance,NM,852
35059,Union,NM,1260
35061,Valencia,NM,1261
36001,Albany,NY,2506
36003,Allegany,NY,900
36005,Bronx,NY,1189
36007,Broome,NY,692
36009,Cattaraugus,NY,654
36011,Cayuga,NY,1841
36013,Chautauqua,NY,693
36015,Chemung,NY,832
36017,Chenango,NY,2504
36019,Clinton,NY,2503
36021,Columbia,NY,371
36023,Cortland,NY,1262
36025,Delaware,NY,2177
36027,Dutchess,NY,853
36029,Erie,NY,1292
36031,Essex,NY,138
36033,Franklin,NY,2823
36035,Fulton,NY,2824
36037,Genesee,NY,2745
36039,Greene,NY,101
36041,Hamilton,NY,99
36043,Herkimer,NY,422
36045,Jefferson,NY,1109
36047,Kings,NY,2275
36049,Lewis,NY,849
36051,Livingston,NY,1898
36053,Madison,NY,868
36055,Monroe,NY,1842
36057,Montgomery,NY,100
36059,Nassau,NY,142
36061,New York,NY,1264
36063,Niagara,NY,2394
36065,Oneida,NY,2395
36067,Onondaga,NY,399
36069,Ontario,NY,1840
36071,Orange,NY,1843
36073,Orleans,NY,2396
36075,Oswego,NY,1263
36077,Otsego,NY,1265
36079,Putnam,NY,1266
36081,Queens,NY,675
36083,Rensselaer,NY,141
36085,Richmond,NY,1190
36087,Rockland,NY,3049
36089,St Lawrence,NY,1079
36091,Saratoga,NY,1080
36093,Schenectady,NY,2040
36095,Schoharie,NY,1081
36097,Schuyler,NY,2397
36099,Seneca,NY,972
36101,Steuben,NY,2398
36103,Suffolk,NY,2410
36105,Sullivan,NY,1110
36107,Tioga,NY,653
36109,Tompkins,NY,1082
36111,Ulster,NY,1268
36113,Warren,NY,102
36115,Washington,NY,655
36117,Wayne,NY,1860
36119,Westchester,NY,333
36121,Wyoming,NY,2705
36123,Yates,NY,103
37001,Alamance,NC,1398
37003,Alexander,NC,1267
37005,Alleghany,NC,2399
37007,Anson,NC,104
37009,Ashe,NC,1111
37011,Avery,NC,2665
37013,Beaufort,NC,395
37015,Bertie,NC,1174
37017,Bladen,NC,1112
37019,Brunswick,NC,490
37021,Buncombe,NC,3054
37023,Burke,NC,1175
37025,Cabarrus,NC,2178
37027,Caldwell,NC,1192
37029,Camden,NC,1401
37031,Carteret,NC,1269
37033,Caswell,NC,2041
37035,Catawba,NC,2666
37037,Chatham,NC,921
37039,Cherokee,NC,919
37041,Chowan,NC,1191
37043,Clay,NC,989
37045,Cleveland,NC,242
37047,Columbus,NC,2772
37049,Craven,NC,660
37051,Cumberland,NC,1114
37053,Currituck,NC,1113
37055,Dare,NC,2446
37057,Davidson,NC,2667
37059,Davie,NC,1270
37061,Duplin,NC,878
37063,Durham,NC,471
37065,Edgecombe,NC,944
37067,Forsyth,NC,1901
37069,Franklin,NC,565
37071,Gaston,NC,582
37073,Gates,NC,1176
37075,Graham,NC,572
37077,Granville,NC,452
37079,Greene,NC,1115
37081,Guilford,NC,2723
37083,Halifax,NC,2668
37085,Harnett,NC,1845
37087,Haywood,NC,879
37089,Henderson,NC,375
37091,Hertford,NC,506
37093,Hoke,NC,2179
37095,Hyde,NC,2078
37097,Iredell,NC,2952
37099,Jackson,NC,930
37101,Johnston,NC,454
37103,Jones,NC,2953
37105,Lee,NC,1000
37107,Lenoir,NC,2180
37109,Lincoln,NC,2954
37111,McDowell,NC,331
37113,Macon,NC,946
37115,Madison,NC,332
37117,Martin,NC,2955
37119,Mecklenburg,NC,1116
37121,Mitchell,NC,1177
37123,Montgomery,NC,2956
37125,Moore,NC,1778
37127,Nash,NC,468
37129,New Hanover,NC,455
37131,Northampton,NC,1193
37133,Onslow,NC,2669
37135,Orange,NC,1117
37137,Pamlico,NC,578
37139,Pasquotank,NC,601
37141,Pender,NC,513
37143,Perquimans,NC,577
37145,Person,NC,1402
37147,Pitt,NC,1403
37149,Polk,NC,2687
37151,Randolph,NC,2958
37153,Richmond,NC,1355
37155,Robeson,NC,1118
37157,Rockingham,NC,1427
37159,Rowan,NC,2957
37161,Rutherford,NC,876
37163,Sampson,NC,215
37165,Scotland,NC,105
37167,Stanly,NC,2959
37169,Stokes,NC,2400
37171,Surry,NC,2401
37173,Swain,NC,573
37175,Transylvania,NC,334
37177,Tyrrell,NC,580
37179,Union,NC,1195
37181,Vance,NC,1428
37183,Wake,NC,1844
37185,Warren,NC,2688
37187,Washington,NC,2464
37189,Watauga,NC,216
37191,Wayne,NC,244
37193,Wilkes,NC,2714
37195,Wilson,NC,2961
37197,Yadkin,NC,2727
37199,Yancey,NC,873
38001,Adams,ND,2402
38003,Barnes,ND,2403
38005,Benson,ND,2273
38007,Billings,ND,2671
38009,Bottineau,ND,1429
38011,Bowman,ND,456
38013,Burke,ND,2960
38015,Burleigh,ND,2962
38017,Cass,ND,1904
38019,Cavalier,ND,2963
38021,Dickey,ND,2404
38023,Divide,ND,2708
38025,Dunn,ND,1178
38027,Eddy,ND,1179
38029,Emmons,ND,835
38031,Foster,ND,1194
38033,Golden Valley,ND,1180
38035,Grand Forks,ND,2672
38037,Grant,ND,1430
38039,Griggs,ND,2405
38041,Hettinger,ND,2964
38043,Kidder,ND,1181
38047,Logan,ND,1196
38049,McHenry,ND,217
38051,McIntosh,ND,2965
38053,McKenzie,ND,939
38055,McLean,ND,1273
38057,Mercer,ND,3050
38059,Morton,ND,1275
38061,Mountrail,ND,1197
38063,Nelson,ND,2966
38065,Oliver,ND,2406
38067,Pembina,ND,1431
38069,Pierce,ND,1182
38071,Ramsey,ND,2967
38073,Ransom,ND,2747
38075,Renville,ND,245
38077,Richland,ND,923
38079,Rolette,ND,2968
38081,Sargent,ND,922
38083,Sheridan,ND,1198
38085,Sioux,ND,1432
38087,Slope,ND,1200
38089,Stark,ND,2969
38091,Steele,ND,2707
38093,Stutsman,ND,2749
38095,Towner,ND,1199
38097,Traill,ND,3052
38099,Walsh,ND,218
38101,Ward,ND,1295
38103,Wells,ND,335
38105,Williams,ND,942
39001,Adams,OH,1356
39003,Allen,OH,1299
39005,Ashland,OH,656
39007,Ashtabula,OH,1433
39009,Athens,OH,1434
39011,Auglaize,OH,887
39013,Belmont,OH,1435
39015,Brown,OH,1056
39017,Butler,OH,657
39019,Carroll,OH,1183
39021,Champaign,OH,1436
39023,Clark,OH,1437
39025,Clermont,OH,1357
39027,Clinton,OH,106
39029,Columbiana,OH,2408
39031,Coshocton,OH,2970
39033,Crawford,OH,658
39035,Cuyahoga,OH,1438
39037,Darke,OH,2689
39039,Defiance,OH,1359
39041,Delaware,OH,1297
39043,Erie,OH,2775
39045,Fairfield,OH,1523
39047,Fayette,OH,1358
39049,Franklin,OH,356
39051,Fulton,OH,107
39053,Gallia,OH,219
39055,Geauga,OH,220
39057,Greene,OH,1688
39059,Guernsey,OH,1689
39061,Hamilton,OH,3059
39063,Hancock,OH,2971
39065,Hardin,OH,1906
39067,Harrison,OH,1690
39069,Henry,OH,2972
39071,Highland,OH,1999
39073,Hocking,OH,221
39075,Holmes,OH,1691
39077,Huron,OH,1692
39079,Jackson,OH,1693
39081,Jefferson,OH,2988
39083,Knox,OH,2975
39085,Lake,OH,1135
39087,Lawrence,OH,110
39089,Licking,OH,790
39091,Logan,OH,108
39093,Lorain,OH,222
39095,Lucas,OH,470
39097,Madison,OH,293
39099,Mahoning,OH,1184
39101,Marion,OH,1694
39103,Medina,OH,1298
39105,Meigs,OH,1136
39107,Mercer,OH,603
39109,Miami,OH,2448
39111,Monroe,OH,1404
39113,Montgomery,OH,1695
39115,Morgan,OH,707
39117,Morrow,OH,708
39119,Muskingum,OH,2973
39121,Noble,OH,1696
39123,Ottawa,OH,486
39125,Paulding,OH,2079
39127,Perry,OH,251
39129,Pickaway,OH,791
39131,Pike,OH,109
39133,Portage,OH,1405
39135,Preble,OH,1360
39137,Putnam,OH,2690
39139,Richland,OH,1057
39141,Ross,OH,1406
39143,Sandusky,OH,2670
39145,Scioto,OH,2789
39147,Seneca,OH,252
39149,Shelby,OH,1271
39151,Stark,OH,296
39153,Summit,OH,1051
39155,Trumbull,OH,659
39157,Tuscarawas,OH,1407
39159,Union,OH,2407
39161,Van Wert,OH,584
39163,Vinton,OH,253
39165,Warren,OH,2559
39167,Washington,OH,1697
39169,Wayne,OH,2213
39171,Williams,OH,1408
39173,Wood,OH,2778
39175,Wyandot,OH,1409
40001,Adair,OK,1779
40003,Alfalfa,OK,2974
40005,Atoka,OK,294
40007,Beaver,OK,297
40009,Beckham,OK,1185
40011,Blaine,OK,2212
40013,Bryan,OK,709
40015,Caddo,OK,3056
40017,Canadian,OK,1781
40019,Carter,OK,2214
40021,Cherokee,OK,710
40023,Choctaw,OK,2459
40025,Cimarron,OK,3057
40027,Cleveland,OK,1769
40029,Coal,OK,792
40031,Comanche,OK,1410
40033,Cotton,OK,1512
40035,Craig,OK,254
40037,Creek,OK,711
40039,Custer,OK,1137
40041,Delaware,OK,1187
40043,Dewey,OK,712
40045,Ellis,OK,2215
40047,Garfield,OK,1188
40049,Garvin,OK,278
40051,Grady,OK,2042
40053,Grant,OK,295
40055,Greer,OK,2216
40057,Harmon,OK,713
40059,Harper,OK,714
40061,Haskell,OK,1411
40063,Hughes,OK,298
40065,Jackson,OK,1138
40067,Jefferson,OK,2217
40069,Johnston,OK,3058
40071,Kay,OK,715
40073,Kingfisher,OK,300
40075,Kiowa,OK,255
40077,Latimer,OK,2218
40079,Le Flore,OK,2219
40081,Lincoln,OK,279
40083,Logan,OK,2409
40085,Love,OK,716
40087,McClain,OK,299
40089,McCurtain,OK,2978
40091,McIntosh,OK,2220
40093,Major,OK,1139
40095,Marshall,OK,1140
40097,Mayes,OK,1141
40099,Murray,OK,717
40101,Muskogee,OK,1142
40103,Noble,OK,2976
40105,Nowata,OK,718
40107,Okfuskee,OK,1143
40109,Oklahoma,OK,355
40111,Okmulgee,OK,258
40113,Osage,OK,1147
40115,Ottawa,OK,256
40117,Pawnee,OK,257
40119,Payne,OK,2411
40121,Pittsburg,OK,353
40123,Pontotoc,OK,880
40125,Pottawatomie,OK,2417
40127,Pushmataha,OK,2043
40129,Roger Mills,OK,795
40131,Rogers,OK,259
40133,Seminole,OK,719
40135,Sequoyah,OK,2221
40137,Stephens,OK,2222
40139,Texas,OK,1905
40141,Tillman,OK,2416
40143,Tulsa,OK,2981
40145,Wagoner,OK,261
40147,Washington,OK,260
40149,Washita,OK,2223
40151,Woods,OK,262
40153,Woodward,OK,263
41001,Baker,OR,1846
41003,Benton,OR,484
41005,Clackamas,OR,536
41007,Clatsop,OR,514
41009,Columbia,OR,1848
41011,Coos,OR,1520
41013,Crook,OR,2224
41015,Curry,OR,302
41017,Deschutes,OR,1847
41019,Douglas,OR,518
41021,Gilliam,OR,1515
41023,Grant,OR,1851
41025,Harney,OR,1849
41027,Hood River,OR,1903
41029,Jackson,OR,797
41031,Jefferson,OR,489
41033,Josephine,OR,352
41035,Klamath,OR,537
41037,Lake,OR,269
41039,Lane,OR,981
41041,Lincoln,OR,467
41043,Linn,OR,535
41045,Malheur,OR,974
41047,Marion,OR,538
41049,Morrow,OR,301
41051,Multnomah,OR,984
41053,Polk,OR,485
41055,Sherman,OR,303
41057,Tillamook,OR,494
41059,Umatilla,OR,1144
41061,Union,OR,1001
41063,Wallowa,OR,720
41065,Wasco,OR,556
41067,Washington,OR,540
41069,Wheeler,OR,2724
41071,Yamhill,OR,558
42001,Adams,PA,2225
42003,Allegheny,PA,913
42005,Armstrong,PA,2226
42007,Beaver,PA,374
42009,Bedford,PA,1053
42011,Berks,PA,721
42013,Blair,PA,112
42015,Bradford,PA,871
42017,Bucks,PA,722
42019,Butler,PA,354
42021,Cambria,PA,1131
42023,Cameron,PA,2450
42025,Carbon,PA,2227
42027,Centre,PA,1058
42029,Chester,PA,1148
42031,Clarion,PA,111
42033,Clearfield,PA,1362
42035,Clinton,PA,1052
42037,Columbia,PA,2228
42039,Crawford,PA,1363
42041,Cumberland,PA,114
42043,Dauphin,PA,2229
42045,Delaware,PA,1132
42047,Elk,PA,113
42049,Erie,PA,1055
42051,Fayette,PA,2230
42053,Forest,PA,1361
42055,Franklin,PA,1133
42057,Fulton,PA,2181
42059,Greene,PA,115
42061,Huntingdon,PA,1364
42063,Indiana,PA,1145
42065,Jefferson,PA,1059
42067,Juniata,PA,2610
42069,Lackawanna,PA,965
42071,Lancaster,PA,1413
42073,Lawrence,PA,794
42075,Lebanon,PA,1585
42077,Lehigh,PA,838
42079,Luzerne,PA,2349
42081,Lycoming,PA,1276
42083,McKean,PA,107099
42085,Mercer,PA,305
42087,Mifflin,PA,1412
42089,Monroe,PA,940
42091,Montgomery,PA,1522
42093,Montour,PA,2182
42095,Northampton,PA,2462
42097,Northumberland,PA,1649
42099,Perry,PA,515
42101,Philadelphia,PA,2983
42103,Pike,PA,2611
42105,Potter,PA,1284
42107,Schuylkill,PA,1470
42109,Snyder,PA,398
42111,Somerset,PA,2449
42113,Sullivan,PA,1460
42115,Susquehanna,PA,924
42117,Tioga,PA,581
42119,Union,PA,2612
42121,Venango,PA,2002
42123,Warren,PA,2613
42125,Washington,PA,357
42127,Wayne,PA,952
42129,Westmoreland,PA,267
42131,Wyoming,PA,949
42133,York,PA,1461
44001,Bristol,RI,2183
44003,Kent,RI,612
44005,Newport,RI,1462
44007,Providence,RI,2691
44009,Washington,RI,1586
45001,Abbeville,SC,2451
45003,Aiken,SC,881
45005,Allendale,SC,1650
45007,Anderson,SC,586
45009,Bamberg,SC,2614
45011,Barnwell,SC,1463
45013,Beaufort,SC,1653
45015,Berkeley,SC,2615
45017,Calhoun,SC,2616
45019,Charleston,SC,2617
45021,Cherokee,SC,1464
45023,Chester,SC,1651
45025,Chesterfield,SC,1654
45027,Clarendon,SC,1465
45029,Colleton,SC,1466
45031,Darlington,SC,1054
45033,Dillon,SC,1652
45035,Dorchester,SC,1471
45037,Edgefield,SC,116
45039,Fairfield,SC,2044
45041,Florence,SC,2618
45043,Georgetown,SC,1467
45045,Greenville,SC,1468
45047,Greenwood,SC,1655
45049,Hampton,SC,2184
45051,Horry,SC,472
45053,Jasper,SC,1061
45055,Kershaw,SC,2619
45057,Lancaster,SC,2185
45059,Laurens,SC,2621
45061,Lee,SC,1656
45063,Lexington,SC,1469
45065,McCormick,SC,1583
45067,Marion,SC,2620
45069,Marlboro,SC,2560
45071,Newberry,SC,2622
45073,Oconee,SC,927
45075,Orangeburg,SC,264
45077,Pickens,SC,2186
45079,Richland,SC,1472
45081,Saluda,SC,2623
45083,Spartanburg,SC,1172
45085,Sumter,SC,1365
45087,Union,SC,2692
45089,Williamsburg,SC,1657
45091,York,SC,2045
46003,Aurora,SD,463
46005,Beadle,SD,1366
46007,Bennett,SD,2413
46009,Bon Homme,SD,428
46011,Brookings,SD,2452
46013,Brown,SD,925
46015,Brule,SD,2776
46017,Buffalo,SD,1907
46019,Butte,SD,848
46021,Campbell,SD,1060
46023,Charles Mix,SD,457
46025,Clark,SD,458
46027,Clay,SD,492
46029,Codington,SD,555
46031,Corson,SD,304
46033,Custer,SD,459
46035,Davison,SD,461
46037,Day,SD,926
46039,Deuel,SD,464
46041,Dewey,SD,847
46043,Douglas,SD,493
46045,Edmunds,SD,1062
46047,Fall River,SD,864
46049,Faulk,SD,1658
46051,Grant,SD,495
46053,Gregory,SD,2710
46055,Haakon,SD,460
46057,Hamlin,SD,1301
46059,Hand,SD,856
46061,Hanson,SD,2458
46063,Harding,SD,2412
46065,Hughes,SD,855
46067,Hutchinson,SD,473
46069,Hyde,SD,897
46071,Jackson,SD,476
46073,Jerauld,SD,462
46075,Jones,SD,2414
46077,Kingsbury,SD,583
46079,Lake,SD,585
46081,Lawrence,SD,438
46083,Lincoln,SD,836
46085,Lyman,SD,2415
46087,McCook,SD,437
46089,McPherson,SD,2187
46091,Marshall,SD,945
46093,Meade,SD,475
46095,Mellette,SD,2713
46097,Miner,SD,2117
46099,Minnehaha,SD,2355
46101,Moody,SD,998
46103,Pennington,SD,499
46105,Perkins,SD,539
46107,Potter,SD,1367
46109,Roberts,SD,954
46111,Sanborn,SD,498
46113,Shannon,SD,500
46115,Spink,SD,474
46117,Stanley,SD,863
46119,Sully,SD,996
46121,Todd,SD,2726
46123,Tripp,SD,866
46125,Turner,SD,511
46127,Union,SD,477
46129,Walworth,SD,2418
46135,Yankton,SD,439
46137,Ziebach,SD,1272
47001,Anderson,TN,1699
47003,Bedford,TN,2693
47005,Benton,TN,1513
47007,Bledsoe,TN,2624
47009,Blount,TN,877
47011,Bradley,TN,2625
47013,Campbell,TN,1369
47015,Cannon,TN,1700
47017,Carroll,TN,2977
47019,Carter,TN,306
47021,Cheatham,TN,2046
47023,Chester,TN,2979
47025,Claiborne,TN,1701
47027,Clay,TN,2626
47029,Cocke,TN,2047
47031,Coffee,TN,1514
47033,Crockett,TN,2048
47035,Cumberland,TN,401
47037,Davidson,TN,2694
47039,Decatur,TN,358
47043,Dickson,TN,1518
47045,Dyer,TN,2627
47047,Fayette,TN,478
47049,Fentress,TN,1659
47051,Franklin,TN,1063
47053,Gibson,TN,1516
47055,Giles,TN,2628
47057,Grainger,TN,2049
47059,Greene,TN,2629
47061,Grundy,TN,2561
47063,Hamblen,TN,3022
47065,Hamilton,TN,1171
47067,Hancock,TN,2585
47069,Hardeman,TN,359
47071,Hardin,TN,376
47073,Hawkins,TN,1702
47075,Haywood,TN,1064
47077,Henderson,TN,1517
47079,Henry,TN,307
47081,Hickman,TN,2050
47083,Houston,TN,308
47085,Humphreys,TN,2419
47087,Jackson,TN,2630
47089,Jefferson,TN,1661
47091,Johnson,TN,793
47093,Knox,TN,1780
47095,Lake,TN,2051
47097,Lauderdale,TN,2631
47099,Lawrence,TN,2052
47101,Lewis,TN,613
47103,Lincoln,TN,1703
47105,Loudon,TN,268
47107,McMinn,TN,1704
47109,McNairy,TN,874
47111,Macon,TN,2453
47113,Madison,TN,309
47115,Marion,TN,1705
47117,Marshall,TN,512
47119,Maury,TN,2632
47121,Meigs,TN,265
47123,Monroe,TN,1170
47125,Montgomery,TN,796
47127,Moore,TN,1483
47129,Morgan,TN,430
47131,Obion,TN,2633
47133,Overton,TN,2053
47135,Perry,TN,1584
47137,Pickett,TN,992
47139,Polk,TN,266
47141,Putnam,TN,1065
47143,Rhea,TN,1773
47145,Roane,TN,310
47147,Robertson,TN,1002
47149,Rutherford,TN,1908
47151,Scott,TN,1066
47153,Sequatchie,TN,270
47155,Sevier,TN,2422
47157,Shelby,TN,933
47159,Smith,TN,2054
47161,Stewart,TN,2420
47163,Sullivan,TN,2312
47165,Sumner,TN,2055
47167,Tipton,TN,501
47169,Trousdale,TN,2634
47171,Unicoi,TN,2980
47173,Union,TN,1587
47175,Van Buren,TN,1368
47177,Warren,TN,2982
47179,Washington,TN,1519
47181,Wayne,TN,1067
47183,Weakley,TN,798
47185,White,TN,2562
47187,Williamson,TN,2729
47189,Wilson,TN,271
48001,Anderson,TX,1521
48003,Andrews,TX,1546
48005,Angelina,TX,831
48007,Aransas,TX,1545
48009,Archer,TX,1768
48011,Armstrong,TX,1765
48013,Atascosa,TX,2421
48015,Austin,TX,442
48017,Bailey,TX,1222
48019,Bandera,TX,311
48021,Bastrop,TX,441
48023,Baylor,TX,1548
48025,Bee,TX,875
48027,Bell,TX,1878
48029,Bexar,TX,2685
48031,Blanco,TX,1767
48033,Borden,TX,882
48035,Bosque,TX,1707
48037,Bowie,TX,883
48039,Brazoria,TX,2731
48041,Brazos,TX,799
48043,Brewster,TX,800
48045,Briscoe,TX,801
48047,Brooks,TX,1764
48049,Brown,TX,276
48051,Burleson,TX,312
48053,Burnet,TX,1909
48055,Caldwell,TX,1223
48057,Calhoun,TX,1766
48059,Callahan,TX,2635
48061,Cameron,TX,1553
48063,Camp,TX,2586
48065,Carson,TX,2717
48067,Cass,TX,2423
48069,Castro,TX,2424
48071,Chambers,TX,802
48073,Cherokee,TX,803
48075,Childress,TX,2056
48077,Clay,TX,317
48079,Cochran,TX,804
48081,Coke,TX,1770
48083,Coleman,TX,314
48085,Collin,TX,3024
48087,Collingsworth,TX,313
48089,Colorado,TX,316
48091,Comal,TX,805
48093,Comanche,TX,806
48095,Concho,TX,1224
48097,Cooke,TX,2716
48099,Coryell,TX,1146
48101,Cottle,TX,2636
48103,Crane,TX,1706
48105,Crockett,TX,1771
48107,Crosby,TX,2425
48109,Culberson,TX,516
48111,Dallam,TX,807
48113,Dallas,TX,1281
48115,Dawson,TX,377
48117,Deaf Smith,TX,1549
48119,Delta,TX,1876
48121,Denton,TX,1862
48125,Dickens,TX,1709
48127,Dimmit,TX,1484
48129,Donley,TX,2746
48131,Duval,TX,315
48133,Eastland,TX,1277
48135,Ector,TX,318
48137,Edwards,TX,319
48139,Ellis,TX,1290
48141,El Paso,TX,982
48143,Erath,TX,1552
48145,Falls,TX,808
48147,Fannin,TX,809
48149,Fayette,TX,810
48151,Fisher,TX,321
48153,Floyd,TX,320
48155,Foard,TX,811
48157,Fort Bend,TX,1556
48159,Franklin,TX,2057
48161,Freestone,TX,812
48163,Frio,TX,322
48165,Gaines,TX,813
48167,Galveston,TX,1557
48169,Garza,TX,378
48171,Gillespie,TX,1550
48173,Glasscock,TX,323
48175,Goliad,TX,2725
48177,Gonzales,TX,2426
48179,Gray,TX,814
48181,Grayson,TX,884
48183,Gregg,TX,324
48185,Grimes,TX,768
48187,Guadalupe,TX,382
48189,Hale,TX,815
48191,Hall,TX,2637
48193,Hamilton,TX,272
48195,Hansford,TX,2777
48197,Hardeman,TX,2587
48199,Hardin,TX,973
48201,Harris,TX,2701
48203,Harrison,TX,816
48205,Hartley,TX,1551
48207,Haskell,TX,325
48209,Hays,TX,326
48211,Hemphill,TX,1554
48213,Henderson,TX,1799
48215,Hidalgo,TX,817
48217,Hill,TX,771
48219,Hockley,TX,2427
48221,Hood,TX,769
48223,Hopkins,TX,1201
48225,Houston,TX,1800
48227,Howard,TX,1202
48229,Hudspeth,TX,931
48231,Hunt,TX,886
48233,Hutchinson,TX,770
48235,Irion,TX,564
48237,Jack,TX,1801
48239,Jackson,TX,1203
48241,Jasper,TX,562
48243,Jeff Davis,TX,969
48245,Jefferson,TX,980
48247,Jim Hogg,TX,1708
48249,Jim Wells,TX,2313
48251,Johnson,TX,2428
48253,Jones,TX,1804
48255,Karnes,TX,2430
48257,Kaufman,TX,3000
48259,Kendall,TX,379
48261,Kenedy,TX,1802
48263,Kent,TX,2638
48265,Kerr,TX,1710
48267,Kimble,TX,2429
48269,King,TX,1485
48271,Kinney,TX,1204
48273,Kleberg,TX,2999
48275,Knox,TX,892
48277,Lamar,TX,2639
48279,Lamb,TX,380
48281,Lampasas,TX,1805
48283,La Salle,TX,1712
48285,Lavaca,TX,1806
48287,Lee,TX,1807
48289,Leon,TX,893
48291,Liberty,TX,2734
48293,Limestone,TX,3023
48295,Lipscomb,TX,1711
48297,Live Oak,TX,841
48299,Llano,TX,2735
48301,Loving,TX,1205
48303,Lubbock,TX,2737
48305,Lynn,TX,1278
48307,McCulloch,TX,1280
48309,McLennan,TX,903
48311,McMullen,TX,1487
48313,Madison,TX,381
48315,Marion,TX,2640
48317,Martin,TX,830
48319,Mason,TX,2431
48321,Matagorda,TX,2641
48323,Maverick,TX,1713
48325,Medina,TX,1206
48327,Menard,TX,2432
48329,Midland,TX,1207
48331,Milam,TX,885
48333,Mills,TX,1714
48335,Mitchell,TX,2308
48337,Montague,TX,1208
48339,Montgomery,TX,1225
48341,Moore,TX,888
48343,Morris,TX,3025
48345,Motley,TX,273
48347,Nacogdoches,TX,3026
48349,Navarro,TX,902
48351,Newton,TX,929
48353,Nolan,TX,1209
48355,Nueces,TX,907
48357,Ochiltree,TX,1486
48359,Oldham,TX,2733
48361,Orange,TX,1853
48363,Palo Pinto,TX,1210
48365,Panola,TX,2309
48367,Parker,TX,1279
48369,Parmer,TX,889
48371,Pecos,TX,2310
48373,Polk,TX,2433
48375,Potter,TX,2434
48377,Presidio,TX,985
48379,Rains,TX,2989
48381,Randall,TX,2779
48383,Reagan,TX,360
48385,Real,TX,1488
48387,Red River,TX,384
48389,Reeves,TX,402
48391,Refugio,TX,400
48393,Roberts,TX,890
48395,Robertson,TX,858
48397,Rockwall,TX,1211
48399,Runnels,TX,891
48401,Rusk,TX,904
48403,Sabine,TX,1212
48405,San Augustine,TX,894
48407,San Jacinto,TX,2990
48409,San Patricio,TX,865
48411,San Saba,TX,383
48413,Schleicher,TX,1213
48415,Scurry,TX,859
48417,Shackelford,TX,1214
48419,Shelby,TX,385
48421,Sherman,TX,2736
48423,Smith,TX,404
48425,Somervell,TX,1215
48427,Starr,TX,2991
48429,Stephens,TX,2992
48431,Sterling,TX,2588
48433,Stonewall,TX,274
48435,Sutton,TX,2311
48437,Swisher,TX,3027
48439,Tarrant,TX,2444
48441,Taylor,TX,403
48443,Terrell,TX,895
48445,Terry,TX,842
48447,Throckmorton,TX,2435
48449,Titus,TX,1715
48451,Tom Green,TX,861
48453,Travis,TX,431
48455,Trinity,TX,1216
48457,Tyler,TX,2993
48459,Upshur,TX,1716
48461,Upton,TX,905
48463,Uvalde,TX,3029
48465,Val Verde,TX,405
48467,Van Zandt,TX,1220
48469,Victoria,TX,906
48471,Walker,TX,908
48473,Waller,TX,2760
48475,Ward,TX,909
48477,Washington,TX,408
48479,Webb,TX,275
48481,Wharton,TX,2642
48483,Wheeler,TX,2715
48485,Wichita,TX,911
48487,Wilbarger,TX,386
48489,Willacy,TX,910
48491,Williamson,TX,2442
48493,Wilson,TX,1217
48495,Winkler,TX,843
48497,Wise,TX,2436
48499,Wood,TX,1492
48501,Yoakum,TX,3028
48503,Young,TX,915
48505,Zapata,TX,734
48507,Zavala,TX,914
49001,Beaver,UT,2994
49003,Box Elder,UT,2995
49005,Cache,UT,2643
49007,Carbon,UT,1717
49009,Daggett,UT,1718
49011,Davis,UT,1232
49013,Duchesne,UT,2997
49015,Emery,UT,2437
49017,Garfield,UT,2439
49019,Grand,UT,2438
49021,Iron,UT,870
49023,Juab,UT,2440
49025,Kane,UT,2718
49027,Millard,UT,541
49029,Morgan,UT,2909
49031,Piute,UT,1218
49033,Rich,UT,2910
49035,Salt Lake,UT,1803
49037,San Juan,UT,544
49039,Sanpete,UT,406
49041,Sevier,UT,3031
49043,Summit,UT,2739
49045,Tooele,UT,2741
49047,Uintah,UT,1226
49049,Utah,UT,1234
49051,Wasatch,UT,407
49053,Washington,UT,1910
49055,Wayne,UT,2441
49057,Weber,UT,1221
50001,Addison,VT,1912
50003,Bennington,VT,2911
50005,Caledonia,VT,2455
50007,Chittenden,VT,1370
50009,Essex,VT,2475
50011,Franklin,VT,2791
50013,Grand Isle,VT,614
50015,Lamoille,VT,2460
50017,Orange,VT,1371
50019,Orleans,VT,616
50021,Rutland,VT,1068
50023,Washington,VT,1069
50025,Windham,VT,2564
50027,Windsor,VT,2912
51001,Accomack,VA,1913
51003,Albemarle,VA,2913
51005,Alleghany,VA,1070
51007,Amelia,VA,1660
51009,Amherst,VA,1588
51011,Appomattox,VA,1372
51013,Arlington,VA,1719
51015,Augusta,VA,2914
51017,Bath,VA,2001
51019,Bedford,VA,2915
51021,Bland,VA,604
51023,Botetourt,VA,1589
51025,Brunswick,VA,733
51027,Buchanan,VA,1071
51029,Buckingham,VA,2589
51031,Campbell,VA,617
51033,Caroline,VA,1072
51035,Carroll,VA,440
51036,Charles City,VA,13512
51037,Charlotte,VA,1662
51041,Chesterfield,VA,2916
51043,Clarke,VA,1720
51045,Craig,VA,615
51047,Culpeper,VA,2917
51049,Cumberland,VA,2590
51051,Dickenson,VA,2563
51053,Dinwiddie,VA,1489
51057,Essex,VA,2918
51059,Fairfax,VA,738
51061,Fauquier,VA,1494
51063,Floyd,VA,1073
51065,Fluvanna,VA,1721
51067,Franklin,VA,1591
51069,Frederick,VA,1227
51071,Giles,VA,605
51073,Gloucester,VA,2919
51075,Goochland,VA,2920
51077,Grayson,VA,2443
51079,Greene,VA,1722
51081,Greensville,VA,735
51083,Halifax,VA,1075
51085,Hanover,VA,2926
51087,Henrico,VA,1723
51089,Henry,VA,1186
51091,Highland,VA,1373
51093,Isle of Wight,VA,2591
51095,James City,VA,2927
51097,King and Queen,VA,2921
51099,King George,VA,618
51101,King William,VA,1663
51103,Lancaster,VA,1772
51105,Lee,VA,3030
51107,Loudoun,VA,739
51109,Louisa,VA,3032
51111,Lunenburg,VA,1724
51113,Madison,VA,1490
51115,Mathews,VA,736
51117,Mecklenburg,VA,1493
51119,Middlesex,VA,737
51121,Montgomery,VA,610
51125,Nelson,VA,2003
51127,New Kent,VA,2922
51131,Northampton,VA,740
51133,Northumberland,VA,741
51135,Nottoway,VA,742
51137,Orange,VA,743
51139,Page,VA,2996
51141,Patrick,VA,542
51143,Pittsylvania,VA,1664
51145,Powhatan,VA,1491
51147,Prince Edward,VA,2923
51149,Prince George,VA,1725
51153,Prince William,VA,744
51155,Pulaski,VA,1074
51157,Rappahannock,VA,1726
51159,Richmond,VA,2924
51161,Roanoke,VA,2115
51163,Rockbridge,VA,1374
51165,Rockingham,VA,1555
51167,Russell,VA,1590
51169,Scott,VA,1782
51171,Shenandoah,VA,2445
51173,Smyth,VA,608
51175,Southampton,VA,1228
51177,Spotsylvania,VA,2925
51179,Stafford,VA,1592
51181,Surry,VA,2928
51183,Sussex,VA,2929
51185,Tazewell,VA,1375
51187,Warren,VA,3033
51191,Washington,VA,1235
51193,Westmoreland,VA,2592
51195,Wise,VA,2930
51197,Wythe,VA,1376
51199,York,VA,2931
51510,Alexandria City,VA,13446
51515,Bedford City,VA,2915
51520,Bristol City,VA,13487
51530,Buena Vista City,VA,13406
51540,Charlottesville City,VA,13435
51550,Chesapeake City,VA,13513
51580,Covington City,VA,13412
51590,Danville City,VA,13434
51595,Emporia City,VA,13514
51600,Fairfax City,VA,108238
51610,Falls Church City,VA,13451
51620,Franklin City,VA,108239
51630,Fredericksburg City,VA,13476
51640,Galax City,VA,13444
51650,Hampton City,VA,13515
51660,Harrisonburg City,VA,13407
51670,Hopewell City,VA,13454
51678,Lexington City,VA,13408
51680,Lynchburg City,VA,13483
51683,Manassas City,VA,13410
51685,Manassas Park City,VA,13430
51690,Martinsville City,VA,13445
51700,Newport News City,VA,13457
51710,Norfolk City,VA,13516
51720,Norton City,VA,13409
51730,Petersburg City,VA,13420
51735,Poquoson City,VA,13488
51740,Portsmouth City,VA,13517
51750,Radford City,VA,13431
51760,Richmond City,VA,108236
51770,Roanoke City,VA,108237
51775,Salem City,VA,13432
51790,Staunton City,VA,13452
51800,Suffolk City,VA,13519
51810,Virginia Beach City,VA,13489
51820,Waynesboro City,VA,13453
51830,Williamsburg City,VA,13395
51840,Winchester City,VA,13524
53001,Adams,WA,184
53003,Asotin,WA,2454
53005,Benton,WA,185
53007,Chelan,WA,1229
53009,Clallam,WA,1076
53011,Clark,WA,502
53013,Columbia,WA,745
53015,Cowlitz,WA,517
53017,Douglas,WA,1233
53019,Ferry,WA,186
53021,Franklin,WA,1727
53023,Garfield,WA,1495
53025,Grant,WA,1230
53027,Grays Harbor,WA,1728
53029,Island,WA,2998
53031,Jefferson,WA,1497
53033,King,WA,1282
53035,Kitsap,WA,1231
53037,Kittitas,WA,3001
53039,Klickitat,WA,1539
53041,Lewis,WA,2742
53043,Lincoln,WA,1729
53045,Mason,WA,746
53047,Okanogan,WA,1501
53049,Pacific,WA,1504
53051,Pend Oreille,WA,1665
53053,Pierce,WA,411
53055,San Juan,WA,1378
53057,Skagit,WA,1236
53059,Skamania,WA,2740
53061,Snohomish,WA,410
53063,Spokane,WA,1595
53065,Stevens,WA,1380
53067,Thurston,WA,1666
53069,Wahkiakum,WA,543
53071,Walla Walla,WA,3034
53073,Whatcom,WA,1730
53075,Whitman,WA,749
53077,Yakima,WA,872
54001,Barbour,WV,747
54003,Berkeley,WV,187
54005,Boone,WV,1005
54007,Braxton,WV,2456
54009,Brooke,WV,188
54011,Cabell,WV,1506
54013,Calhoun,WV,1379
54015,Clay,WV,2565
54017,Doddridge,WV,1593
54019,Fayette,WV,2124
54021,Gilmer,WV,2566
54023,Grant,WV,190
54025,Greenbrier,WV,623
54027,Hampshire,WV,1667
54029,Hancock,WV,1540
54031,Hardy,WV,3002
54033,Harrison,WV,1731
54035,Jackson,WV,191
54037,Jefferson,WV,750
54039,Kanawha,WV,1668
54041,Lewis,WV,2780
54043,Lincoln,WV,620
54045,Logan,WV,2081
54047,McDowell,WV,2567
54049,Marion,WV,622
54051,Marshall,WV,189
54053,Mason,WV,751
54055,Mercer,WV,611
54057,Mineral,WV,192
54059,Mingo,WV,2116
54061,Monongalia,WV,1669
54063,Monroe,WV,1381
54065,Morgan,WV,2242
54067,Nicholas,WV,1003
54069,Ohio,WV,1077
54071,Pendleton,WV,621
54073,Pleasants,WV,619
54075,Pocahontas,WV,624
54077,Preston,WV,1498
54079,Putnam,WV,626
54081,Raleigh,WV,1016
54083,Randolph,WV,2243
54085,Ritchie,WV,1078
54087,Roane,WV,193
54089,Summers,WV,2463
54091,Taylor,WV,748
54093,Tucker,WV,752
54095,Tyler,WV,194
54097,Upshur,WV,1496
54099,Wayne,WV,625
54101,Webster,WV,587
54103,Wetzel,WV,195
54105,Wirt,WV,2593
54107,Wood,WV,519
54109,Wyoming,WV,589
55001,Adams,WI,1500
55003,Ashland,WI,1541
55005,Barron,WI,2244
55007,Bayfield,WI,753
55009,Brown,WI,755
55011,Buffalo,WI,2457
55013,Burnett,WI,844
55015,Calumet,WI,754
55017,Chippewa,WI,3003
55019,Clark,WI,2698
55021,Columbia,WI,2245
55023,Crawford,WI,196
55025,Dane,WI,496
55027,Dodge,WI,1547
55029,Door,WI,1499
55031,Douglas,WI,1783
55033,Dunn,WI,1502
55035,Eau Claire,WI,1237
55037,Florence,WI,2246
55039,Fond du Lac,WI,3005
55041,Forest,WI,1542
55043,Grant,WI,1149
55045,Green,WI,1543
55047,Green Lake,WI,1150
55049,Iowa,WI,1911
55051,Iron,WI,1151
55053,Jackson,WI,2743
55055,Jefferson,WI,1238
55057,Juneau,WI,1152
55059,Kenosha,WI,1544
55061,Kewaunee,WI,1377
55063,La Crosse,WI,627
55065,Lafayette,WI,3004
55067,Langlade,WI,1503
55069,Lincoln,WI,1382
55071,Manitowoc,WI,2247
55073,Marathon,WI,497
55075,Marinette,WI,1240
55077,Marquette,WI,628
55078,Menominee,WI,1153
55079,Milwaukee,WI,546
55081,Monroe,WI,629
55083,Oconto,WI,3035
55085,Oneida,WI,2250
55087,Outagamie,WI,2391
55089,Ozaukee,WI,1294
55091,Pepin,WI,2461
55093,Pierce,WI,2848
55095,Polk,WI,1154
55097,Portage,WI,1156
55099,Price,WI,1155
55101,Racine,WI,935
55103,Richland,WI,1158
55105,Rock,WI,3037
55107,Rusk,WI,2080
55109,St Croix,WI,1157
55111,Sauk,WI,1159
55113,Sawyer,WI,1160
55115,Shawano,WI,1161
55117,Sheboygan,WI,1302
55119,Taylor,WI,1239
55121,Trempealeau,WI,2087
55123,Vernon,WI,2251
55125,Vilas,WI,1162
55127,Walworth,WI,409
55129,Washburn,WI,2744
55131,Washington,WI,1241
55133,Waukesha,WI,2700
55135,Waupaca,WI,1163
55137,Waushara,WI,1594
55139,Winnebago,WI,277
55141,Wood,WI,2699
56001,Albany,WY,1918
56003,Big Horn,WY,1852
56005,Campbell,WY,1166
56007,Carbon,WY,1785
56009,Converse,WY,1219
56011,Crook,WY,1164
56013,Fremont,WY,1507
56015,Goshen,WY,3036
56017,Hot Springs,WY,1670
56019,Johnson,WY,1167
56021,Laramie,WY,412
56023,Lincoln,WY,1505
56025,Natrona,WY,1165
56027,Niobrara,WY,860
56029,Park,WY,1914
56031,Platte,WY,896
56033,Sheridan,WY,1857
56035,Sublette,WY,1168
56037,Sweetwater,WY,1169
56039,Teton,WY,1784
56041,Uinta,WY,2248
56043,Washakie,WY,2249
56045,Weston,WY,479
60010,Eastern,AS,10445
69100,Rota,MP,11243
69110,Saipan,MP,11244
72001,Adjuntas,PR,11625
72003,Aguada,PR,11626
72005,Aguadilla,PR,11627
72007,Aguas Buenas,PR,11628
72009,Aibonito,PR,11629
72011,Anasco,PR,11630
72013,Arecibo,PR,11631
72015,Arroyo,PR,11632
72017,Barceloneta,PR,11633
72019,Barranquitas,PR,11634
72021,Bayamon,PR,11635
72023,Cabo Rojo,PR,11636
72025,Caguas,PR,11637
72027,Camuy,PR,11638
72029,Canovanas,PR,11639
72031,Carolina,PR,11640
72033,Catano,PR,11641
72035,Cayey,PR,7269
72037,Ceiba,PR,11642
72041,Cidra,PR,11644
72043,Coamo,PR,11645
72045,Comerio,PR,11646
72047,Corozal,PR,11647
72049,Culebra,PR,11648
72051,Dorado,PR,11649
72053,Fajardo,PR,11650
72054,Florida,PR,7539
72055,Guanica,PR,11651
72057,Guayama,PR,11652
72059,Guayanilla,PR,11653
72061,Guaynabo,PR,11654
72063,Gurabo,PR,11655
72065,Hatillo,PR,11656
72067,Hormigueros,PR,11657
72071,Isabela,PR,11659
72073,Jayuya,PR,11660
72075,Juana Diaz,PR,11662
72077,Juncos,PR,11661
72079,Lajas,PR,11663
72081,Lares,PR,11674
72083,Las Marias,PR,11684
72085,Las Piedras,PR,11688
72087,Loiza,PR,11689
72089,Luquillo,PR,11690
72091,Manati,PR,11691
72093,Maricao,PR,11692
72095,Maunabo,PR,11693
72097,Mayaguez,PR,11664
72099,Moca,PR,11666
72101,Morovis,PR,11667
72105,Naranjito,PR,11669
72107,Orocovis,PR,11670
72109,Patillas,PR,11671
72111,Penuelas,PR,11672
72113,Ponce,PR,11673
72115,Quebradillas,PR,11675
72117,Rincon,PR,11676
72119,Rio Grande,PR,11677
72121,Sabana Grande,PR,11678
72123,Salinas,PR,11679
72125,San German,PR,11680
72127,San Juan,PR,6849
72129,San Lorenzo,PR,11681
72133,Santa Isabel,PR,11683
72135,Toa Alta,PR,11685
72137,Toa Baja,PR,11686
72139,Trujillo Alto,PR,11687
72141,Utuado,PR,11694
72143,Vega Alta,PR,11695
72145,Vega Baja,PR,11696
72147,Vieques,PR,11697
72149,Villalba,PR,11698
72151,Yabucoa,PR,11699
72153,Yauco,PR,11700
78010,St. Croix,VI,97314
78020,St. John,VI,97315
78030,St. Thomas,VI,97313
